dates;flow
2020-01-21T23:00:00Z;  24
2020-01-21T23:30:00Z;  21
2020-01-22T00:00:00Z;  24
2020-01-22T00:30:00Z;  18
2020-01-22T01:00:00Z;  13
2020-01-22T01:30:00Z;-193
2020-01-22T02:00:00Z;-298
2020-01-22T02:30:00Z;-453
2020-01-22T03:00:00Z;-507
2020-01-22T03:30:00Z;-631
2020-01-22T04:00:00Z;-652
2020-01-22T04:30:00Z;-709
2020-01-22T05:00:00Z;-761
2020-01-22T05:30:00Z;-753
2020-01-22T06:00:00Z;-744
2020-01-22T06:30:00Z;-690
2020-01-22T07:00:00Z;-611
2020-01-22T07:30:00Z;-589
2020-01-22T08:00:00Z;-567
2020-01-22T08:30:00Z;-555
2020-01-22T09:00:00Z;-424
2020-01-22T09:30:00Z;-392
2020-01-22T10:00:00Z;-319
2020-01-22T10:30:00Z;-251
2020-01-22T11:00:00Z;  42
2020-01-22T11:30:00Z;  23
2020-01-22T12:00:00Z;  17
2020-01-22T12:30:00Z;  19
2020-01-22T13:00:00Z;  19
2020-01-22T13:30:00Z;   9
2020-01-22T14:00:00Z;-126
2020-01-22T14:30:00Z;-250
2020-01-22T15:00:00Z;-507
2020-01-22T15:30:00Z;-567
2020-01-22T16:00:00Z;-621
2020-01-22T16:30:00Z;-709
2020-01-22T17:00:00Z;-753
2020-01-22T17:30:00Z;-810
2020-01-22T18:00:00Z;-802
2020-01-22T18:30:00Z;-770
2020-01-22T19:00:00Z;-727
2020-01-22T19:30:00Z;-681
2020-01-22T20:00:00Z;-652
2020-01-22T20:30:00Z;-631
2020-01-22T21:00:00Z;-567
2020-01-22T21:30:00Z;-519
2020-01-22T22:00:00Z;-453
2020-01-22T22:30:00Z;-298
2020-01-22T23:00:00Z;-224
2020-01-22T23:30:00Z;  42
2020-01-23T00:00:00Z;  19
2020-01-23T00:30:00Z;  21
2020-01-23T01:00:00Z;  17
2020-01-23T01:30:00Z;  14
2020-01-23T02:00:00Z;   2
2020-01-23T02:30:00Z;-251
2020-01-23T03:00:00Z;-319
2020-01-23T03:30:00Z;-467
2020-01-23T04:00:00Z;-578
2020-01-23T04:30:00Z;-661
2020-01-23T05:00:00Z;-690
2020-01-23T05:30:00Z;-735
2020-01-23T06:00:00Z;-794
2020-01-23T06:30:00Z;-786
2020-01-23T07:00:00Z;-735
2020-01-23T07:30:00Z;-699
2020-01-23T08:00:00Z;-642
2020-01-23T08:30:00Z;-631
2020-01-23T09:00:00Z;   0
2020-01-23T09:30:00Z;   0
2020-01-23T10:00:00Z;   0
2020-01-23T10:30:00Z;   0
2020-01-23T11:00:00Z;   0
2020-01-23T11:30:00Z;   0
2020-01-23T12:00:00Z;   0
2020-01-23T12:30:00Z;  25
2020-01-23T13:00:00Z;  27
2020-01-23T13:30:00Z;  26
2020-01-23T14:00:00Z;  22
2020-01-23T14:30:00Z;  18
2020-01-23T15:00:00Z;  19
2020-01-23T15:30:00Z;  -8
2020-01-23T16:00:00Z;-193
2020-01-23T16:30:00Z;-392
2020-01-23T17:00:00Z;-532
2020-01-23T17:30:00Z;   0
2020-01-23T18:00:00Z;-661
2020-01-23T18:30:00Z;-597
2020-01-23T19:00:00Z;-545
2020-01-23T19:30:00Z;-487
2020-01-23T20:00:00Z;-401
2020-01-23T20:30:00Z;-390
2020-01-23T21:00:00Z;-327
2020-01-23T21:30:00Z;-319
2020-01-23T22:00:00Z;-223
2020-01-23T22:30:00Z;  17
2020-01-23T23:00:00Z;  22
2020-01-23T23:30:00Z;  27
2020-01-24T00:00:00Z;  30
2020-01-24T00:30:00Z;  33
2020-01-24T01:00:00Z;  33
2020-01-24T01:30:00Z;  32
2020-01-24T02:00:00Z;  31
2020-01-24T02:30:00Z;  32
2020-01-24T03:00:00Z;  26
2020-01-24T03:30:00Z;  26
2020-01-24T04:00:00Z;  23
2020-01-24T04:30:00Z;  19
2020-01-24T05:00:00Z;  -8
2020-01-24T05:30:00Z;-357
2020-01-24T06:00:00Z;-519
2020-01-24T06:30:00Z;-600
2020-01-24T07:00:00Z;-578
2020-01-24T07:30:00Z;-494
2020-01-24T08:00:00Z;-467
2020-01-24T08:30:00Z;-392
2020-01-24T09:00:00Z;-408
2020-01-24T09:30:00Z;-357
2020-01-24T10:00:00Z;-319
2020-01-24T10:30:00Z;-157
2020-01-24T11:00:00Z; 139
2020-01-24T11:30:00Z;  29
2020-01-24T12:00:00Z;  23
2020-01-24T12:30:00Z;  32
2020-01-24T13:00:00Z;  35
2020-01-24T13:30:00Z;  33
2020-01-24T14:00:00Z;  33
2020-01-24T14:30:00Z;  33
2020-01-24T15:00:00Z;  30
2020-01-24T15:30:00Z;  29
2020-01-24T16:00:00Z;  27
2020-01-24T16:30:00Z;  20
2020-01-24T17:00:00Z;   2
2020-01-24T17:30:00Z; -14
2020-01-24T18:00:00Z;-424
2020-01-24T18:30:00Z;-519
2020-01-24T19:00:00Z;-567
2020-01-24T19:30:00Z;-544
2020-01-24T20:00:00Z;-453
2020-01-24T20:30:00Z;-392
2020-01-24T21:00:00Z;-319
2020-01-24T21:30:00Z;-319
2020-01-24T22:00:00Z;-319
2020-01-24T22:30:00Z;-251
2020-01-24T23:00:00Z; 190
2020-01-24T23:30:00Z;  31
2020-01-25T00:00:00Z;  26
2020-01-25T00:30:00Z;  33
2020-01-25T01:00:00Z;  35
2020-01-25T01:30:00Z;  35
2020-01-25T02:00:00Z;  34
2020-01-25T02:30:00Z;  34
2020-01-25T03:00:00Z;  32
2020-01-25T03:30:00Z;  29
2020-01-25T04:00:00Z;  28
2020-01-25T04:30:00Z;  18
2020-01-25T05:00:00Z;  18
2020-01-25T05:30:00Z; -10
2020-01-25T06:00:00Z;  -1
2020-01-25T06:30:00Z;   0
2020-01-25T07:00:00Z;   0
2020-01-25T07:30:00Z;   0
2020-01-25T08:00:00Z;   0
2020-01-25T08:30:00Z;   0
2020-01-25T09:00:00Z;   0
2020-01-25T09:30:00Z;   0
2020-01-25T10:00:00Z;   0
2020-01-25T10:30:00Z;   0
2020-01-25T11:00:00Z;   0
2020-01-25T11:30:00Z;   0
2020-01-25T12:00:00Z;   0
2020-01-25T12:30:00Z;   0
2020-01-25T13:00:00Z;   0
2020-01-25T13:30:00Z;   0
2020-01-25T14:00:00Z;   0
2020-01-25T14:30:00Z;   0
2020-01-25T15:00:00Z;   0
2020-01-25T15:30:00Z;   0
2020-01-25T16:00:00Z;   0
2020-01-25T16:30:00Z;   0
2020-01-25T17:00:00Z;   0
2020-01-25T17:30:00Z;   0
2020-01-25T18:00:00Z;   0
2020-01-25T18:30:00Z;   0
2020-01-25T19:00:00Z;-544
2020-01-25T19:30:00Z;-611
2020-01-25T20:00:00Z;-578
2020-01-25T20:30:00Z;-494
2020-01-25T21:00:00Z;-392
2020-01-25T21:30:00Z;-339
2020-01-25T22:00:00Z;-339
2020-01-25T22:30:00Z;-319
2020-01-25T23:00:00Z;-251
2020-01-25T23:30:00Z;  29
2020-01-26T00:00:00Z;  25
2020-01-26T00:30:00Z;  28
2020-01-26T01:00:00Z;  32
2020-01-26T01:30:00Z;  36
2020-01-26T02:00:00Z;  37
2020-01-26T02:30:00Z;  37
2020-01-26T03:00:00Z;  36
2020-01-26T03:30:00Z;  36
2020-01-26T04:00:00Z;  35
2020-01-26T04:30:00Z;  31
2020-01-26T05:00:00Z;  28
2020-01-26T05:30:00Z;  21
2020-01-26T06:00:00Z;  13
2020-01-26T06:30:00Z;  -8
2020-01-26T07:00:00Z; -19
2020-01-26T07:30:00Z; -23
2020-01-26T08:00:00Z; -25
2020-01-26T08:30:00Z;   0
2020-01-26T09:00:00Z;   0
2020-01-26T09:30:00Z;   0
2020-01-26T10:00:00Z;   0
2020-01-26T10:30:00Z;   0
2020-01-26T11:00:00Z;   0
2020-01-26T11:30:00Z;   0
2020-01-26T12:00:00Z;   0
2020-01-26T12:30:00Z;   0
2020-01-26T13:00:00Z;   0
2020-01-26T13:30:00Z;   0
2020-01-26T14:00:00Z;   0
2020-01-26T14:30:00Z;   0
2020-01-26T15:00:00Z;   0
2020-01-26T15:30:00Z;   0
2020-01-26T16:00:00Z;   0
2020-01-26T16:30:00Z;   0
2020-01-26T17:00:00Z;   0
2020-01-26T17:30:00Z;   0
2020-01-26T18:00:00Z;   0
2020-01-26T18:30:00Z;   0
2020-01-26T19:00:00Z;-357
2020-01-26T19:30:00Z;-481
2020-01-26T20:00:00Z;-567
2020-01-26T20:30:00Z;-532
2020-01-26T21:00:00Z;-424
2020-01-26T21:30:00Z;-357
2020-01-26T22:00:00Z;-276
2020-01-26T22:30:00Z;-319
2020-01-26T23:00:00Z;-298
2020-01-26T23:30:00Z;-276
2020-01-27T00:00:00Z;-224
2020-01-27T00:30:00Z;  22
2020-01-27T01:00:00Z;  25
2020-01-27T01:30:00Z;  30
2020-01-27T02:00:00Z;  34
2020-01-27T02:30:00Z;  37
2020-01-27T03:00:00Z;  37
2020-01-27T03:30:00Z;  37
2020-01-27T04:00:00Z;  35
2020-01-27T04:30:00Z;  34
2020-01-27T05:00:00Z;  33
2020-01-27T05:30:00Z;  33
2020-01-27T06:00:00Z;  29
2020-01-27T06:30:00Z;  24
2020-01-27T07:00:00Z;  20
2020-01-27T07:30:00Z;  -6
2020-01-27T08:00:00Z; -17
2020-01-27T08:30:00Z; -19
2020-01-27T09:00:00Z; -21
2020-01-27T09:30:00Z; -16
2020-01-27T10:00:00Z;  -8
2020-01-27T10:30:00Z;   2
2020-01-27T11:00:00Z;   2
2020-01-27T11:30:00Z;   2
2020-01-27T12:00:00Z;   8
2020-01-27T12:30:00Z;  16
2020-01-27T13:00:00Z;  22
2020-01-27T13:30:00Z;  26
2020-01-27T14:00:00Z;  30
2020-01-27T14:30:00Z;  33
2020-01-27T15:00:00Z;  37
2020-01-27T15:30:00Z;  38
2020-01-27T16:00:00Z;  34
2020-01-27T16:30:00Z;  33
2020-01-27T17:00:00Z;  29
2020-01-27T17:30:00Z;  31
2020-01-27T18:00:00Z;  27
2020-01-27T18:30:00Z;  23
2020-01-27T19:00:00Z;  15
2020-01-27T19:30:00Z;-101
2020-01-27T20:00:00Z;-375
2020-01-27T20:30:00Z;-467
2020-01-27T21:00:00Z;-494
2020-01-27T21:30:00Z;-439
2020-01-27T22:00:00Z;-319
2020-01-27T22:30:00Z;-319
2020-01-27T23:00:00Z;-339
2020-01-27T23:30:00Z;-357
2020-01-28T00:00:00Z;-392
2020-01-28T00:30:00Z;-276
2020-01-28T01:00:00Z;  46
2020-01-28T01:30:00Z;  42
2020-01-28T02:00:00Z;  55
2020-01-28T02:30:00Z;  62
2020-01-28T03:00:00Z;  71
2020-01-28T03:30:00Z;  73
2020-01-28T04:00:00Z;  72
2020-01-28T04:30:00Z;  33
2020-01-28T05:00:00Z;  30
2020-01-28T05:30:00Z;  27
2020-01-28T06:00:00Z;   0
2020-01-28T06:30:00Z;   0
2020-01-28T07:00:00Z;   0
2020-01-28T07:30:00Z;   0
2020-01-28T08:00:00Z;   0
2020-01-28T08:30:00Z;   0
2020-01-28T09:00:00Z;   0
2020-01-28T09:30:00Z;   0
2020-01-28T10:00:00Z;   0
2020-01-28T10:30:00Z;   0
2020-01-28T11:00:00Z;   0
2020-01-28T11:30:00Z;   0
2020-01-28T12:00:00Z;   0
2020-01-28T12:30:00Z;   0
2020-01-28T13:00:00Z;   0
2020-01-28T13:30:00Z;   0
2020-01-28T14:00:00Z;   0
2020-01-28T14:30:00Z;   0
2020-01-28T15:00:00Z;   0
2020-01-28T15:30:00Z;   0
2020-01-28T16:00:00Z;   0
2020-01-28T16:30:00Z;   0
2020-01-28T17:00:00Z;   0
2020-01-28T17:30:00Z;   0
2020-01-28T18:00:00Z;   0
2020-01-28T18:30:00Z;   0
2020-01-28T19:00:00Z;   0
2020-01-28T19:30:00Z;   0
2020-01-28T20:00:00Z;   0
2020-01-28T20:30:00Z;   0
2020-01-28T21:00:00Z;   0
2020-01-28T21:30:00Z;   0
2020-01-28T22:00:00Z;   0
2020-01-28T22:30:00Z;   0
2020-01-28T23:00:00Z;   0
2020-01-28T23:30:00Z;   0
2020-01-29T00:00:00Z;   0
2020-01-29T00:30:00Z;   0
2020-01-29T01:00:00Z;   0
2020-01-29T01:30:00Z;   0
2020-01-29T02:00:00Z;   0
2020-01-29T02:30:00Z;   0
2020-01-29T03:00:00Z;   0
2020-01-29T03:30:00Z;   0
2020-01-29T04:00:00Z;   0
2020-01-29T04:30:00Z;   0
2020-01-29T05:00:00Z;   0
2020-01-29T05:30:00Z;   0
2020-01-29T06:00:00Z;   0
2020-01-29T06:30:00Z;   0
2020-01-29T07:00:00Z;   0
2020-01-29T07:30:00Z;   0
2020-01-29T08:00:00Z;   0
2020-01-29T08:30:00Z;   0
2020-01-29T09:00:00Z;   0
2020-01-29T09:30:00Z;   0
2020-01-29T10:00:00Z;   0
2020-01-29T10:30:00Z;   0
2020-01-29T11:00:00Z;   0
2020-01-29T11:30:00Z;   0
2020-01-29T12:00:00Z;   0
2020-01-29T12:30:00Z;   0
2020-01-29T13:00:00Z;   0
2020-01-29T13:30:00Z;   0
2020-01-29T14:00:00Z;   0
2020-01-29T14:30:00Z;   0
2020-01-29T15:00:00Z;   0
2020-01-29T15:30:00Z;   0
2020-01-29T16:00:00Z;   0
2020-01-29T16:30:00Z;   0
2020-01-29T17:00:00Z;   0
2020-01-29T17:30:00Z;   0
2020-01-29T18:00:00Z;   0
2020-01-29T18:30:00Z;   0
2020-01-29T19:00:00Z;   0
2020-01-29T19:30:00Z;   0
2020-01-29T20:00:00Z;   0
2020-01-29T20:30:00Z;   0
2020-01-29T21:00:00Z;   0
2020-01-29T21:30:00Z;   0
2020-01-29T22:00:00Z;   0
2020-01-29T22:30:00Z;   0
2020-01-29T23:00:00Z;   0
2020-01-29T23:30:00Z;   0
2020-01-30T00:00:00Z;   0
2020-01-30T00:30:00Z;   0
2020-01-30T01:00:00Z;   0
2020-01-30T01:30:00Z;   0
2020-01-30T02:00:00Z;   0
2020-01-30T02:30:00Z;   0
2020-01-30T03:00:00Z;   0
2020-01-30T03:30:00Z;   0
2020-01-30T04:00:00Z;   0
2020-01-30T04:30:00Z;   0
2020-01-30T05:00:00Z;   0
2020-01-30T05:30:00Z;   0
2020-01-30T06:00:00Z;   0
2020-01-30T06:30:00Z;   0
2020-01-30T07:00:00Z;   0
2020-01-30T07:30:00Z;   0
2020-01-30T08:00:00Z;   0
2020-01-30T08:30:00Z;   0
2020-01-30T09:00:00Z;   0
2020-01-30T09:30:00Z;   0
2020-01-30T10:00:00Z;-225
2020-01-30T10:30:00Z;-298
2020-01-30T11:00:00Z;-298
2020-01-30T11:30:00Z;-276
2020-01-30T12:00:00Z;-224
2020-01-30T12:30:00Z;-101
2020-01-30T13:00:00Z;   0
2020-01-30T13:30:00Z;  10
2020-01-30T14:00:00Z;  19
2020-01-30T14:30:00Z;  13
2020-01-30T15:00:00Z;  23
2020-01-30T15:30:00Z;  25
2020-01-30T16:00:00Z;  32
2020-01-30T16:30:00Z;  35
2020-01-30T17:00:00Z;  34
2020-01-30T17:30:00Z;  30
2020-01-30T18:00:00Z;  34
2020-01-30T18:30:00Z;  25
2020-01-30T19:00:00Z;  34
2020-01-30T19:30:00Z;  34
2020-01-30T20:00:00Z;  39
2020-01-30T20:30:00Z;  40
2020-01-30T21:00:00Z;  32
2020-01-30T21:30:00Z;  34
2020-01-30T22:00:00Z;  26
2020-01-30T22:30:00Z;  19
2020-01-30T23:00:00Z;  21
2020-01-30T23:30:00Z;  21
2020-01-31T00:00:00Z;  21
2020-01-31T00:30:00Z;  19
2020-01-31T01:00:00Z;  24
2020-01-31T01:30:00Z;  17
2020-01-31T02:00:00Z;  29
2020-01-31T02:30:00Z;  33
2020-01-31T03:00:00Z;  32
2020-01-31T03:30:00Z;  39
2020-01-31T04:00:00Z;  38
2020-01-31T04:30:00Z;  40
2020-01-31T05:00:00Z;  43
2020-01-31T05:30:00Z;  43
2020-01-31T06:00:00Z;   0
2020-01-31T06:30:00Z;   0
2020-01-31T07:00:00Z;   0
2020-01-31T07:30:00Z;   0
2020-01-31T08:00:00Z;   0
2020-01-31T08:30:00Z;   0
2020-01-31T09:00:00Z;  32
2020-01-31T09:30:00Z;  29
2020-01-31T10:00:00Z;  28
2020-01-31T10:30:00Z;  23
2020-01-31T11:00:00Z;  23
2020-01-31T11:30:00Z;  20
2020-01-31T12:00:00Z;  24
2020-01-31T12:30:00Z;  25
2020-01-31T13:00:00Z;  26
2020-01-31T13:30:00Z;  22
2020-01-31T14:00:00Z;  23
2020-01-31T14:30:00Z;  29
2020-01-31T15:00:00Z;  31
2020-01-31T15:30:00Z;  32
2020-01-31T16:00:00Z;  35
2020-01-31T16:30:00Z;  40
2020-01-31T17:00:00Z;  42
2020-01-31T17:30:00Z;   0
2020-01-31T18:00:00Z;   0
2020-01-31T18:30:00Z;   0
2020-01-31T19:00:00Z;   0
2020-01-31T19:30:00Z;   0
2020-01-31T20:00:00Z;   0
2020-01-31T20:30:00Z;   0
2020-01-31T21:00:00Z;   0
2020-01-31T21:30:00Z;   0
2020-01-31T22:00:00Z;   0
2020-01-31T22:30:00Z;   0
2020-01-31T23:00:00Z;   0
2020-01-31T23:30:00Z;   0
2020-02-01T00:00:00Z;   0
2020-02-01T00:30:00Z;   0
2020-02-01T01:00:00Z;   0
2020-02-01T01:30:00Z;   0
2020-02-01T02:00:00Z;  24
2020-02-01T02:30:00Z;  31
2020-02-01T03:00:00Z;  31
2020-02-01T03:30:00Z;  32
2020-02-01T04:00:00Z;  33
2020-02-01T04:30:00Z;  29
2020-02-01T05:00:00Z;  38
2020-02-01T05:30:00Z;  37
2020-02-01T06:00:00Z;  39
2020-02-01T06:30:00Z;  36
2020-02-01T07:00:00Z;   0
2020-02-01T07:30:00Z;   0
2020-02-01T08:00:00Z;   0
2020-02-01T08:30:00Z;   0
2020-02-01T09:00:00Z;  27
2020-02-01T09:30:00Z;  23
2020-02-01T10:00:00Z;  18
2020-02-01T10:30:00Z;  13
2020-02-01T11:00:00Z;-157
2020-02-01T11:30:00Z;-276
2020-02-01T12:00:00Z;-276
2020-02-01T12:30:00Z;-224
2020-02-01T13:00:00Z;  42
2020-02-01T13:30:00Z; 192
2020-02-01T14:00:00Z;  13
2020-02-01T14:30:00Z;  11
2020-02-01T15:00:00Z;  15
2020-02-01T15:30:00Z;  21
2020-02-01T16:00:00Z;  25
2020-02-01T16:30:00Z;  31
2020-02-01T17:00:00Z;  36
2020-02-01T17:30:00Z;   0
2020-02-01T18:00:00Z;   0
2020-02-01T18:30:00Z;   0
2020-02-01T19:00:00Z;   0
2020-02-01T19:30:00Z;   0
2020-02-01T20:00:00Z;   0
2020-02-01T20:30:00Z;   0
2020-02-01T21:00:00Z;   0
2020-02-01T21:30:00Z;   0
2020-02-01T22:00:00Z;   0
2020-02-01T22:30:00Z;   0
2020-02-01T23:00:00Z;   0
2020-02-01T23:30:00Z;   0
2020-02-02T00:00:00Z;   0
2020-02-02T00:30:00Z;   0
2020-02-02T01:00:00Z;   0
2020-02-02T01:30:00Z;   0
2020-02-02T02:00:00Z;   0
2020-02-02T02:30:00Z;   0
2020-02-02T03:00:00Z;   0
2020-02-02T03:30:00Z;   0
2020-02-02T04:00:00Z;   0
2020-02-02T04:30:00Z;   0
2020-02-02T05:00:00Z;   0
2020-02-02T05:30:00Z;   0
2020-02-02T06:00:00Z;   0
2020-02-02T06:30:00Z;   0
2020-02-02T07:00:00Z;   0
2020-02-02T07:30:00Z;   0
2020-02-02T08:00:00Z;   0
2020-02-02T08:30:00Z;   0
2020-02-02T09:00:00Z;   0
2020-02-02T09:30:00Z;  35
2020-02-02T10:00:00Z;  32
2020-02-02T10:30:00Z;  26
2020-02-02T11:00:00Z;  18
2020-02-02T11:30:00Z;   7
2020-02-02T12:00:00Z;-193
2020-02-02T12:30:00Z;-251
2020-02-02T13:00:00Z;-298
2020-02-02T13:30:00Z;-224
2020-02-02T14:00:00Z; -40
2020-02-02T14:30:00Z;   0
2020-02-02T15:00:00Z;   0
2020-02-02T15:30:00Z;-125
2020-02-02T16:00:00Z;-298
2020-02-02T16:30:00Z;-298
2020-02-02T17:00:00Z;-276
2020-02-02T17:30:00Z;-193
2020-02-02T18:00:00Z;  42
2020-02-02T18:30:00Z;  17
2020-02-02T19:00:00Z;  20
2020-02-02T19:30:00Z;  20
2020-02-02T20:00:00Z;  20
2020-02-02T20:30:00Z;  18
2020-02-02T21:00:00Z;  15
2020-02-02T21:30:00Z;-119
2020-02-02T22:00:00Z;-319
2020-02-02T22:30:00Z;-424
2020-02-02T23:00:00Z;-494
2020-02-02T23:30:00Z;-507
2020-02-03T00:00:00Z;-532
2020-02-03T00:30:00Z;-544
2020-02-03T01:00:00Z;-544
2020-02-03T01:30:00Z;-481
2020-02-03T02:00:00Z;-467
2020-02-03T02:30:00Z;-453
2020-02-03T03:00:00Z;-424
2020-02-03T03:30:00Z;-408
2020-02-03T04:00:00Z;-357
2020-02-03T04:30:00Z;-339
2020-02-03T05:00:00Z;-224
2020-02-03T05:30:00Z; 107
2020-02-03T06:00:00Z;  15
2020-02-03T06:30:00Z;   0
2020-02-03T07:00:00Z;   0
2020-02-03T07:30:00Z;   0
2020-02-03T08:00:00Z;   0
2020-02-03T08:30:00Z;   0
2020-02-03T09:00:00Z;   0
2020-02-03T09:30:00Z;   0
2020-02-03T10:00:00Z;   0
2020-02-03T10:30:00Z;   0
2020-02-03T11:00:00Z;   0
2020-02-03T11:30:00Z;   0
2020-02-03T12:00:00Z;   0
2020-02-03T12:30:00Z;   0
2020-02-03T13:00:00Z;   0
2020-02-03T13:30:00Z;   0
2020-02-03T14:00:00Z;   0
2020-02-03T14:30:00Z;   0
2020-02-03T15:00:00Z;   0
2020-02-03T15:30:00Z;   0
2020-02-03T16:00:00Z;   0
2020-02-03T16:30:00Z;   0
2020-02-03T17:00:00Z;   0
2020-02-03T17:30:00Z;   0
2020-02-03T18:00:00Z;   0
2020-02-03T18:30:00Z;   0
2020-02-03T19:00:00Z;   0
2020-02-03T19:30:00Z;   0
2020-02-03T20:00:00Z;   0
2020-02-03T20:30:00Z;   0
2020-02-03T21:00:00Z;   0
2020-02-03T21:30:00Z;   0
2020-02-03T22:00:00Z;   0
2020-02-03T22:30:00Z;   0
2020-02-03T23:00:00Z;   0
2020-02-03T23:30:00Z;   0
2020-02-04T00:00:00Z;   0
2020-02-04T00:30:00Z;   0
2020-02-04T01:00:00Z;   0
2020-02-04T01:30:00Z;   0
2020-02-04T02:00:00Z;   0
2020-02-04T02:30:00Z;  12
2020-02-04T03:00:00Z;  22
2020-02-04T03:30:00Z;  22
2020-02-04T04:00:00Z;  21
2020-02-04T04:30:00Z;  27
2020-02-04T05:00:00Z;  28
2020-02-04T05:30:00Z;  29
2020-02-04T06:00:00Z;  32
2020-02-04T06:30:00Z;  33
2020-02-04T07:00:00Z;  39
2020-02-04T07:30:00Z;  39
2020-02-04T08:00:00Z;  39
2020-02-04T08:30:00Z;  42
2020-02-04T09:00:00Z;  41
2020-02-04T09:30:00Z;  42
2020-02-04T10:00:00Z;  41
2020-02-04T10:30:00Z;  39
2020-02-04T11:00:00Z;  37
2020-02-04T11:30:00Z;  37
2020-02-04T12:00:00Z;  34
2020-02-04T12:30:00Z;  31
2020-02-04T13:00:00Z;  31
2020-02-04T13:30:00Z;  30
2020-02-04T14:00:00Z;  25
2020-02-04T14:30:00Z;  28
2020-02-04T15:00:00Z;  25
2020-02-04T15:30:00Z;  18
2020-02-04T16:00:00Z;   0
2020-02-04T16:30:00Z;   0
2020-02-04T17:00:00Z;   0
2020-02-04T17:30:00Z;   0
2020-02-04T18:00:00Z;   0
2020-02-04T18:30:00Z;   0
2020-02-04T19:00:00Z;   0
2020-02-04T19:30:00Z;   0
2020-02-04T20:00:00Z;   0
2020-02-04T20:30:00Z;   0
2020-02-04T21:00:00Z;   0
2020-02-04T21:30:00Z;   0
2020-02-04T22:00:00Z;   0
2020-02-04T22:30:00Z;   0
2020-02-04T23:00:00Z;   0
2020-02-04T23:30:00Z;   0
2020-02-05T00:00:00Z;   0
2020-02-05T00:30:00Z;-224
2020-02-05T01:00:00Z;-408
2020-02-05T01:30:00Z;-453
2020-02-05T02:00:00Z;-494
2020-02-05T02:30:00Z;-532
2020-02-05T03:00:00Z;-544
2020-02-05T03:30:00Z;-567
2020-02-05T04:00:00Z;-567
2020-02-05T04:30:00Z;-600
2020-02-05T05:30:00Z;   0
2020-02-05T06:00:00Z;   0
2020-02-05T06:30:00Z;   0
2020-02-05T07:00:00Z;   0
2020-02-05T07:30:00Z;   0
2020-02-05T08:00:00Z;   0
2020-02-05T08:30:00Z;   0
2020-02-05T09:00:00Z;   0
2020-02-05T09:30:00Z;   0
2020-02-05T10:00:00Z;   0
2020-02-05T10:30:00Z;   0
2020-02-05T11:00:00Z;   0
2020-02-05T11:30:00Z;   0
2020-02-05T12:00:00Z;   0
2020-02-05T12:30:00Z;   0
2020-02-05T13:00:00Z;   0
2020-02-05T13:30:00Z;   0
2020-02-05T14:00:00Z;   0
2020-02-05T14:30:00Z;   0
2020-02-05T15:00:00Z;   0
2020-02-05T15:30:00Z;   0
2020-02-05T16:00:00Z;   0
2020-02-05T16:30:00Z;   0
2020-02-05T17:00:00Z;   0
2020-02-05T17:30:00Z;   0
2020-02-05T18:00:00Z;   0
2020-02-05T18:30:00Z;   0
2020-02-05T19:00:00Z;   0
2020-02-05T19:30:00Z; -18
2020-02-05T20:00:00Z;-578
2020-02-05T20:30:00Z;-313
2020-02-05T21:00:00Z;   0
2020-02-05T21:30:00Z;   0
2020-02-05T22:00:00Z;-157
2020-02-05T22:30:00Z;-108
2020-02-05T23:00:00Z;   0
2020-02-05T23:30:00Z;   0
2020-02-06T00:00:00Z;-251
2020-02-06T00:30:00Z;-319
2020-02-06T01:00:00Z;-357
2020-02-06T01:30:00Z;-439
2020-02-06T02:00:00Z;-494
2020-02-06T02:30:00Z;-532
2020-02-06T03:00:00Z;-578
2020-02-06T03:30:00Z;-642
2020-02-06T04:00:00Z;-690
2020-02-06T04:30:00Z;-699
2020-02-06T05:00:00Z;   0
2020-02-06T05:30:00Z;   0
2020-02-06T06:00:00Z;   0
2020-02-06T06:30:00Z;   0
2020-02-06T07:00:00Z;   0
2020-02-06T07:30:00Z;   0
2020-02-06T08:00:00Z;   0
2020-02-06T08:30:00Z;   0
2020-02-06T09:00:00Z;   0
2020-02-06T09:30:00Z;   0
2020-02-06T10:00:00Z;   0
2020-02-06T10:30:00Z;  21
2020-02-06T11:00:00Z;  21
2020-02-06T11:30:00Z;  25
2020-02-06T12:00:00Z;  21
2020-02-06T12:30:00Z;  18
2020-02-06T13:00:00Z;  15
2020-02-06T13:30:00Z;  12
2020-02-06T14:00:00Z;  -8
2020-02-06T14:30:00Z; -17
2020-02-06T15:00:00Z;-481
2020-02-06T15:30:00Z;-555
2020-02-06T16:00:00Z;-567
2020-02-06T16:30:00Z;-589
2020-02-06T17:00:00Z;-589
2020-02-06T17:30:00Z;-621
2020-02-06T18:00:00Z;-567
2020-02-06T18:30:00Z;-544
2020-02-06T19:00:00Z;-532
2020-02-06T19:30:00Z;-507
2020-02-06T20:00:00Z;-453
2020-02-06T20:30:00Z;-408
2020-02-06T21:00:00Z;-319
2020-02-06T21:30:00Z;-251
2020-02-06T22:00:00Z;-108
2020-02-06T22:30:00Z;  13
2020-02-06T23:00:00Z;  19
2020-02-06T23:30:00Z;  20
2020-02-07T00:00:00Z;  22
2020-02-07T00:30:00Z;  19
2020-02-07T01:00:00Z;  14
2020-02-07T01:30:00Z;   2
2020-02-07T02:00:00Z;-224
2020-02-07T02:30:00Z;-392
2020-02-07T03:00:00Z;-467
2020-02-07T03:30:00Z;-532
2020-02-07T04:00:00Z;-589
2020-02-07T04:30:00Z;-661
2020-02-07T05:00:00Z;-744
2020-02-07T05:30:00Z;-786
2020-02-07T06:00:00Z;-778
2020-02-07T06:30:00Z;-735
2020-02-07T07:00:00Z;-709
2020-02-07T07:30:00Z;-671
2020-02-07T08:00:00Z;-642
2020-02-07T08:30:00Z;-621
2020-02-07T09:00:00Z;   0
2020-02-07T09:30:00Z;   0
2020-02-07T10:00:00Z;   0
2020-02-07T10:30:00Z;   0
2020-02-07T11:00:00Z;   0
2020-02-07T11:30:00Z;   0
2020-02-07T12:00:00Z;   0
2020-02-07T12:30:00Z;   0
2020-02-07T13:00:00Z;   0
2020-02-07T13:30:00Z;   0
2020-02-07T14:00:00Z;   0
2020-02-07T14:30:00Z;-282
2020-02-07T15:00:00Z;-424
2020-02-07T15:30:00Z;-532
2020-02-07T16:00:00Z;-611
2020-02-07T16:30:00Z;-621
2020-02-07T17:00:00Z;-709
2020-02-07T17:30:00Z;-753
2020-02-07T18:00:00Z;-786
2020-02-07T18:30:00Z;-761
2020-02-07T19:00:00Z;-753
2020-02-07T19:30:00Z;-709
2020-02-07T20:00:00Z;-699
2020-02-07T20:30:00Z;-671
2020-02-07T21:00:00Z;-611
2020-02-07T21:30:00Z;-555
2020-02-07T22:00:00Z;-481
2020-02-07T22:30:00Z;-375
2020-02-07T23:00:00Z;-224
2020-02-07T23:30:00Z;  16
2020-02-08T00:00:00Z;  20
2020-02-08T00:30:00Z;  15
2020-02-08T01:00:00Z;  15
2020-02-08T01:30:00Z;   2
2020-02-08T02:00:00Z; -10
2020-02-08T02:30:00Z; -12
2020-02-08T03:00:00Z;-408
2020-02-08T03:30:00Z;-494
2020-02-08T04:00:00Z;-544
2020-02-08T04:30:00Z;-611
2020-02-08T05:00:00Z;-699
2020-02-08T05:30:00Z;-761
2020-02-08T06:00:00Z;-786
2020-02-08T06:30:00Z;-818
2020-02-08T07:00:00Z;-753
2020-02-08T07:30:00Z;-709
2020-02-08T08:00:00Z;-671
2020-02-08T08:30:00Z;-652
2020-02-08T09:00:00Z;-589
2020-02-08T09:30:00Z;-519
2020-02-08T10:00:00Z;-392
2020-02-08T10:30:00Z;-339
2020-02-08T11:00:00Z;-178
2020-02-08T11:30:00Z;   8
2020-02-08T12:00:00Z;  25
2020-02-08T12:30:00Z;  30
2020-02-08T13:00:00Z;  28
2020-02-08T13:30:00Z;  30
2020-02-08T14:00:00Z;  18
2020-02-08T14:30:00Z;  -7
2020-02-08T15:00:00Z;  42
2020-02-08T15:30:00Z; 192
2020-02-08T16:00:00Z;  42
2020-02-08T16:30:00Z;-276
2020-02-08T17:00:00Z;-424
2020-02-08T17:30:00Z;-494
2020-02-08T18:00:00Z;-417
2020-02-08T18:30:00Z;-297
2020-02-08T19:00:00Z;   0
2020-02-08T19:30:00Z;-453
2020-02-08T20:00:00Z;-357
2020-02-08T20:30:00Z;-193
2020-02-08T21:00:00Z;-251
2020-02-08T21:30:00Z;-251
2020-02-08T22:00:00Z; 139
2020-02-08T22:30:00Z;   0
2020-02-08T23:00:00Z;   0
2020-02-08T23:30:00Z;   0
2020-02-09T00:00:00Z;   0
2020-02-09T00:30:00Z;   0
2020-02-09T01:00:00Z;   0
2020-02-09T01:30:00Z;   0
2020-02-09T02:00:00Z;   0
2020-02-09T02:30:00Z;   0
2020-02-09T03:00:00Z;   0
2020-02-09T03:30:00Z;   0
2020-02-09T04:00:00Z;   0
2020-02-09T04:30:00Z;   0
2020-02-09T05:00:00Z;   0
2020-02-09T05:30:00Z;   0
2020-02-09T06:00:00Z;   0
2020-02-09T06:30:00Z;   0
2020-02-09T07:00:00Z;   0
2020-02-09T07:30:00Z;   0
2020-02-09T08:00:00Z;   0
2020-02-09T08:30:00Z;   0
2020-02-09T09:00:00Z;   0
2020-02-09T09:30:00Z;   0
2020-02-09T10:00:00Z;   0
2020-02-09T10:30:00Z;   0
2020-02-09T11:00:00Z;   0
2020-02-09T11:30:00Z;   0
2020-02-09T12:00:00Z;   0
2020-02-09T12:30:00Z;   0
2020-02-09T13:00:00Z;   0
2020-02-09T13:30:00Z;   0
2020-02-09T14:00:00Z;   0
2020-02-09T14:30:00Z;   0
2020-02-09T15:00:00Z;   0
2020-02-09T15:30:00Z;   0
2020-02-09T16:00:00Z;   0
2020-02-09T16:30:00Z;   0
2020-02-09T17:00:00Z;   0
2020-02-09T17:30:00Z;   0
2020-02-09T18:00:00Z;   0
2020-02-09T18:30:00Z;   0
2020-02-09T19:00:00Z;   0
2020-02-09T19:30:00Z;   0
2020-02-09T20:00:00Z;   0
2020-02-09T20:30:00Z;   0
2020-02-09T21:00:00Z;   0
2020-02-09T21:30:00Z;   0
2020-02-09T22:00:00Z;   0
2020-02-09T22:30:00Z;   0
2020-02-09T23:00:00Z;   0
2020-02-09T23:30:00Z;   0
2020-02-10T00:00:00Z;   0
2020-02-10T00:30:00Z;   0
2020-02-10T01:00:00Z;   0
2020-02-10T01:30:00Z;   0
2020-02-10T02:00:00Z;   0
2020-02-10T02:30:00Z;   0
2020-02-10T03:00:00Z;   0
2020-02-10T03:30:00Z;   0
2020-02-10T04:00:00Z;   0
2020-02-10T04:30:00Z;   0
2020-02-10T05:00:00Z;   0
2020-02-10T05:30:00Z;   0
2020-02-10T06:00:00Z;   0
2020-02-10T06:30:00Z;   0
2020-02-10T07:00:00Z;   0
2020-02-10T07:30:00Z;   0
2020-02-10T08:00:00Z;   0
2020-02-10T08:30:00Z;   0
2020-02-10T09:00:00Z;   0
2020-02-10T09:30:00Z;   0
2020-02-10T10:00:00Z;   0
2020-02-10T10:30:00Z;   0
2020-02-10T11:00:00Z;   0
2020-02-10T11:30:00Z;   0
2020-02-10T12:00:00Z;   0
2020-02-10T12:30:00Z;   0
2020-02-10T13:00:00Z;   0
2020-02-10T13:30:00Z;   0
2020-02-10T14:00:00Z;   0
2020-02-10T14:30:00Z;   0
2020-02-10T15:00:00Z;   0
2020-02-10T15:30:00Z;   0
2020-02-10T16:00:00Z;   0
2020-02-10T16:30:00Z;   0
2020-02-10T17:00:00Z;   0
2020-02-10T17:30:00Z;   0
2020-02-10T18:00:00Z;   0
2020-02-10T18:30:00Z;   0
2020-02-10T19:00:00Z;   0
2020-02-10T19:30:00Z;   0
2020-02-10T20:00:00Z;   0
2020-02-10T20:30:00Z;   0
2020-02-10T21:00:00Z;   0
2020-02-10T21:30:00Z;   0
2020-02-10T22:00:00Z;   0
2020-02-10T22:30:00Z;   0
2020-02-10T23:00:00Z;   0
2020-02-10T23:30:00Z;   0
2020-02-11T00:00:00Z;   0
2020-02-11T00:30:00Z;   0
2020-02-11T01:00:00Z;   0
2020-02-11T01:30:00Z;   0
2020-02-11T02:00:00Z;   0
2020-02-11T02:30:00Z;   0
2020-02-11T03:00:00Z;   0
2020-02-11T03:30:00Z;   0
2020-02-11T04:00:00Z;   0
2020-02-11T04:30:00Z;   0
2020-02-11T05:00:00Z;   0
2020-02-11T05:30:00Z;   0
2020-02-11T06:00:00Z;   0
2020-02-11T06:30:00Z;   0
2020-02-11T07:00:00Z;   0
2020-02-11T07:30:00Z;   0
2020-02-11T08:00:00Z;   0
2020-02-11T08:30:00Z;   0
2020-02-11T09:00:00Z;   0
2020-02-11T09:30:00Z;   0
2020-02-11T10:00:00Z;   0
2020-02-11T10:30:00Z;   0
2020-02-11T11:00:00Z;   0
2020-02-11T11:30:00Z;   0
2020-02-11T12:00:00Z;   0
2020-02-11T12:30:00Z;   0
2020-02-11T13:00:00Z;   0
2020-02-11T13:30:00Z;   0
2020-02-11T14:00:00Z;   0
2020-02-11T14:30:00Z;   0
2020-02-11T15:00:00Z;   0
2020-02-11T15:30:00Z;   0
2020-02-11T16:00:00Z;   0
2020-02-11T16:30:00Z;   0
2020-02-11T17:00:00Z;   0
2020-02-11T17:30:00Z;   0
2020-02-11T18:00:00Z;   0
2020-02-11T18:30:00Z;   0
2020-02-11T19:00:00Z;   0
2020-02-11T19:30:00Z;   0
2020-02-11T20:00:00Z;   0
2020-02-11T20:30:00Z;   0
2020-02-11T21:00:00Z;   0
2020-02-11T21:30:00Z;   0
2020-02-11T22:00:00Z;   0
2020-02-11T22:30:00Z;   0
2020-02-11T23:00:00Z;   0
2020-02-11T23:30:00Z;   0
2020-02-12T00:00:00Z;   0
2020-02-12T00:30:00Z;   0
2020-02-12T01:00:00Z;   0
2020-02-12T01:30:00Z;   0
2020-02-12T02:00:00Z;   0
2020-02-12T02:30:00Z;   0
2020-02-12T03:00:00Z;   0
2020-02-12T03:30:00Z;   0
2020-02-12T04:00:00Z;   0
2020-02-12T04:30:00Z;   0
2020-02-12T05:00:00Z;   0
2020-02-12T05:30:00Z;   0
2020-02-12T06:00:00Z;   0
2020-02-12T06:30:00Z;   0
2020-02-12T07:00:00Z;   0
2020-02-12T07:30:00Z;   0
2020-02-12T08:00:00Z;   0
2020-02-12T08:30:00Z;   0
2020-02-12T09:00:00Z;   0
2020-02-12T09:30:00Z;   0
2020-02-12T10:00:00Z;   0
2020-02-12T10:30:00Z;   0
2020-02-12T11:00:00Z;   0
2020-02-12T11:30:00Z;   0
2020-02-12T12:00:00Z;   0
2020-02-12T12:30:00Z;   0
2020-02-12T13:00:00Z;   0
2020-02-12T13:30:00Z;   0
2020-02-12T14:00:00Z;   0
2020-02-12T14:30:00Z;   0
2020-02-12T15:00:00Z;   0
2020-02-12T15:30:00Z;   0
2020-02-12T16:00:00Z;   0
2020-02-12T16:30:00Z;   0
2020-02-12T17:00:00Z;   0
2020-02-12T17:30:00Z;   0
2020-02-12T18:00:00Z;   0
2020-02-12T18:30:00Z;   0
2020-02-12T19:00:00Z;   0
2020-02-12T19:30:00Z;   0
2020-02-12T20:00:00Z;   0
2020-02-12T20:30:00Z;   0
2020-02-12T21:00:00Z;   0
2020-02-12T21:30:00Z;   0
2020-02-12T22:00:00Z;   0
2020-02-12T22:30:00Z;   0
2020-02-12T23:00:00Z;   0
2020-02-12T23:30:00Z;   0
2020-02-13T00:00:00Z;   0
2020-02-13T00:30:00Z;   0
2020-02-13T01:00:00Z;   0
2020-02-13T01:30:00Z;   0
2020-02-13T02:00:00Z;   0
2020-02-13T02:30:00Z;   0
2020-02-13T03:00:00Z;   0
2020-02-13T03:30:00Z;   0
2020-02-13T04:00:00Z;   0
2020-02-13T04:30:00Z;   0
2020-02-13T05:00:00Z;   0
2020-02-13T05:30:00Z;   0
2020-02-13T06:00:00Z;   0
2020-02-13T06:30:00Z;   0
2020-02-13T07:00:00Z;   0
2020-02-13T07:30:00Z;   0
2020-02-13T08:00:00Z;   0
2020-02-13T08:30:00Z;-425
2020-02-13T09:00:00Z;-578
2020-02-13T09:30:00Z;-652
2020-02-13T10:00:00Z;-681
2020-02-13T10:30:00Z;-699
2020-02-13T11:00:00Z;   0
2020-02-13T11:30:00Z;   0
2020-02-13T12:00:00Z;   0
2020-02-13T12:30:00Z;-439
2020-02-13T13:00:00Z;-642
2020-02-13T13:30:00Z;-621
2020-02-13T14:00:00Z;-611
2020-02-13T14:30:00Z;-532
2020-02-13T15:00:00Z;-392
2020-02-13T15:30:00Z;-193
2020-02-13T16:00:00Z;  18
2020-02-13T16:30:00Z;  23
2020-02-13T17:00:00Z;  24
2020-02-13T17:30:00Z;  19
2020-02-13T18:00:00Z;  10
2020-02-13T18:30:00Z;  -6
2020-02-13T19:00:00Z; -16
2020-02-13T19:30:00Z; -24
2020-02-13T20:00:00Z; -31
2020-02-13T20:30:00Z; -36
2020-02-13T21:00:00Z; -42
2020-02-13T21:30:00Z; -47
2020-02-13T22:00:00Z; -46
2020-02-13T22:30:00Z; -45
2020-02-13T23:00:00Z; -41
2020-02-13T23:30:00Z; -35
2020-02-14T00:00:00Z; -30
2020-02-14T00:30:00Z; -32
2020-02-14T01:00:00Z; -30
2020-02-14T01:30:00Z; -29
2020-02-14T02:00:00Z; -26
2020-02-14T02:30:00Z; -14
2020-02-14T03:00:00Z;  -9
2020-02-14T03:30:00Z;  17
2020-02-14T04:00:00Z;  23
2020-02-14T04:30:00Z;  30
2020-02-14T05:00:00Z;  31
2020-02-14T05:30:00Z;  32
2020-02-14T06:00:00Z;  31
2020-02-14T06:30:00Z;  28
2020-02-14T07:00:00Z;  27
2020-02-14T07:30:00Z;  24
2020-02-14T08:00:00Z;  18
2020-02-14T08:30:00Z;  -4
2020-02-14T09:00:00Z; -16
2020-02-14T09:30:00Z; -27
2020-02-14T10:00:00Z; -31
2020-02-14T10:30:00Z; -36
2020-02-14T11:00:00Z; -35
2020-02-14T11:30:00Z; -35
2020-02-14T12:00:00Z; -33
2020-02-14T12:30:00Z; -32
2020-02-14T13:00:00Z; -26
2020-02-14T13:30:00Z; -29
2020-02-14T14:00:00Z; -30
2020-02-14T14:30:00Z; -28
2020-02-14T15:00:00Z; -26
2020-02-14T15:30:00Z; -22
2020-02-14T16:00:00Z; -10
2020-02-14T16:30:00Z;  17
2020-02-14T17:00:00Z;  24
2020-02-14T17:30:00Z;  21
2020-02-14T18:00:00Z;  22
2020-02-14T18:30:00Z;  20
2020-02-14T19:00:00Z;  27
2020-02-14T19:30:00Z;  16
2020-02-14T20:00:00Z; -16
2020-02-14T20:30:00Z;   7
2020-02-14T21:00:00Z;-375
2020-02-14T21:30:00Z;-519
2020-02-14T22:00:00Z;-578
2020-02-14T22:30:00Z;-661
2020-02-14T23:00:00Z;-753
2020-02-14T23:30:00Z;-744
2020-02-15T00:00:00Z;-681
2020-02-15T00:30:00Z;-589
2020-02-15T01:00:00Z;-578
2020-02-15T01:30:00Z;-611
2020-02-15T02:30:00Z;-631
2020-02-15T03:00:00Z;-544
2020-02-15T03:30:00Z;-392
2020-02-15T04:00:00Z;-193
2020-02-15T04:30:00Z;  59
2020-02-15T05:00:00Z;  24
2020-02-15T05:30:00Z;  28
2020-02-15T06:00:00Z;  23
2020-02-15T06:30:00Z;  24
2020-02-15T07:00:00Z;  22
2020-02-15T07:30:00Z;  16
2020-02-15T08:00:00Z;  14
2020-02-15T08:30:00Z;   9
2020-02-15T09:00:00Z;  -8
2020-02-15T09:30:00Z;-375
2020-02-15T10:00:00Z;-507
2020-02-15T10:30:00Z;-578
2020-02-15T11:00:00Z;-642
2020-02-15T11:30:00Z;-671
2020-02-15T12:00:00Z;-642
2020-02-15T12:30:00Z;-567
2020-02-15T13:00:00Z;-494
2020-02-15T13:30:00Z;-481
2020-02-15T17:30:00Z;   0
2020-02-15T18:00:00Z;   0
2020-02-15T18:30:00Z;   0
2020-02-15T19:00:00Z;   0
2020-02-15T19:30:00Z;   0
2020-02-15T20:00:00Z;   0
2020-02-15T20:30:00Z;   0
2020-02-15T21:00:00Z;   0
2020-02-15T21:30:00Z;   0
2020-02-15T22:00:00Z;   0
2020-02-15T22:30:00Z;   0
2020-02-15T23:00:00Z;   0
2020-02-15T23:30:00Z;   0
2020-02-16T00:00:00Z;   0
2020-02-16T00:30:00Z;   0
2020-02-16T01:00:00Z;   0
2020-02-16T01:30:00Z;   0
2020-02-16T02:00:00Z;   0
2020-02-16T02:30:00Z;   0
2020-02-16T03:00:00Z;   0
2020-02-16T03:30:00Z;   0
2020-02-16T04:00:00Z;   0
2020-02-16T04:30:00Z;   0
2020-02-16T05:00:00Z;   0
2020-02-16T05:30:00Z;   0
2020-02-16T06:00:00Z;   0
2020-02-16T06:30:00Z;   0
2020-02-16T07:00:00Z;   0
2020-02-16T07:30:00Z;   0
2020-02-16T08:00:00Z;   0
2020-02-16T08:30:00Z;   0
2020-02-16T09:00:00Z;   0
2020-02-16T09:30:00Z;   0
2020-02-16T10:00:00Z;   0
2020-02-16T10:30:00Z;   0
2020-02-16T11:00:00Z;   0
2020-02-16T11:30:00Z;   0
2020-02-16T12:00:00Z;   0
2020-02-16T12:30:00Z;   0
2020-02-16T13:00:00Z;   0
