Place,Day,Level_rAvg90
Hagebro,1,10.023332454393897
Hagebro,2,10.02428634782885
Hagebro,3,10.025764875109664
Hagebro,4,10.027232597645071
Hagebro,5,10.028877676051168
Hagebro,6,10.030190774178871
Hagebro,7,10.032031342939677
Hagebro,8,10.033788855146877
Hagebro,9,10.035649960290769
Hagebro,10,10.037531930698771
Hagebro,11,10.039236322501102
Hagebro,12,10.040718259759547
Hagebro,13,10.042019529757429
Hagebro,14,10.043206372377155
Hagebro,15,10.044229824735478
Hagebro,16,10.045241482423108
Hagebro,17,10.046075741700008
Hagebro,18,10.046856386634941
Hagebro,19,10.047629324809506
Hagebro,20,10.048216942924386
Hagebro,21,10.04849231019624
Hagebro,22,10.048559251097934
Hagebro,23,10.048392552844492
Hagebro,24,10.048181675044342
Hagebro,25,10.048409329258314
Hagebro,26,10.048994244357544
Hagebro,27,10.049613404362137
Hagebro,28,10.050332760826445
Hagebro,29,10.051081609877173
Hagebro,30,10.051828738062502
Hagebro,31,10.052292215474926
Hagebro,32,10.052500745981742
Hagebro,33,10.052328859670917
Hagebro,34,10.051943456983304
Hagebro,35,10.051438942607154
Hagebro,36,10.051028624497635
Hagebro,37,10.05068228546547
Hagebro,38,10.050385454579576
Hagebro,39,10.050145248235207
Hagebro,40,10.04986238594245
Hagebro,41,10.049048597988785
Hagebro,42,10.04775508475738
Hagebro,43,10.04647102308444
Hagebro,44,10.045254427427118
Hagebro,45,10.04397745301057
Hagebro,46,10.042172392074201
Hagebro,47,10.040183854138204
Hagebro,48,10.038681673992999
Hagebro,49,10.037510949517026
Hagebro,50,10.036596013359233
Hagebro,51,10.03570532144889
Hagebro,52,10.034669065394073
Hagebro,53,10.033681395948664
Hagebro,54,10.03262399561676
Hagebro,55,10.03147072780157
Hagebro,56,10.030249709547792
Hagebro,57,10.029066575677565
Hagebro,58,10.027910607636368
Hagebro,59,10.026593298625663
Hagebro,60,10.025287237722509
Hagebro,61,10.02398650258633
Hagebro,62,10.022718330770914
Hagebro,63,10.0215181159276
Hagebro,64,10.020319670286524
Hagebro,65,10.018927942531592
Hagebro,66,10.017315767629515
Hagebro,67,10.015527250661506
Hagebro,68,10.013716739844611
Hagebro,69,10.01190310606111
Hagebro,70,10.010238517611285
Hagebro,71,10.008667837716764
Hagebro,72,10.006975812724967
Hagebro,73,10.00528109064683
Hagebro,74,10.003705113588563
Hagebro,75,10.002264893997147
Hagebro,76,10.00103705303359
Hagebro,77,9.999721762472266
Hagebro,78,9.998321197615406
Hagebro,79,9.996988812912905
Hagebro,80,9.995623253504123
Hagebro,81,9.994208464696568
Hagebro,82,9.99249242014548
Hagebro,83,9.990670689791097
Hagebro,84,9.988892144100234
Hagebro,85,9.990901991957132
Hagebro,86,9.9891611797928
Hagebro,87,9.991182197190636
Hagebro,88,9.989331898556964
Hagebro,89,9.987520733148035
Hagebro,90,9.98566292644296
Hagebro,91,9.983922066109308
Hagebro,92,9.981909654545557
Hagebro,93,9.97931438770096
Hagebro,94,9.976751792466965
Hagebro,95,9.974060489309164
Hagebro,96,9.971593063647239
Hagebro,97,9.968580582912846
Hagebro,98,9.96570393213966
Hagebro,99,9.96291755780367
Hagebro,100,9.960471319461329
Hagebro,101,9.958275273561362
Hagebro,102,9.956236530218407
Hagebro,103,9.954298866182285
Hagebro,104,9.952354772281234
Hagebro,105,9.950368114155339
Hagebro,106,9.948352600511349
Hagebro,107,9.946433976717028
Hagebro,108,9.944566013739694
Hagebro,109,9.942783351398795
Hagebro,110,9.941099097735574
Hagebro,111,9.939636350424813
Hagebro,112,9.93872343723552
Hagebro,113,9.938036395270867
Hagebro,114,9.937296157519144
Hagebro,115,9.936340173564156
Hagebro,116,9.93524813275105
Hagebro,117,9.93398292439229
Hagebro,118,9.932568124011533
Hagebro,119,9.931159207722358
Hagebro,120,9.929796777319815
Hagebro,121,9.928398338450151
Hagebro,122,9.92704538162363
Hagebro,123,9.925819311748752
Hagebro,124,9.924697447790859
Hagebro,125,9.923462605733521
Hagebro,126,9.922199722841665
Hagebro,127,9.920930432632174
Hagebro,128,9.919582347580665
Hagebro,129,9.91832846921734
Hagebro,130,9.917086688568078
Hagebro,131,9.915865482378061
Hagebro,132,9.914689601292215
Hagebro,133,9.913862009666914
Hagebro,134,9.9128356450278
Hagebro,135,9.911747894694054
Hagebro,136,9.910718088853526
Hagebro,137,9.909822024441839
Hagebro,138,9.908647868704781
Hagebro,139,9.907130694183259
Hagebro,140,9.905568038684182
Hagebro,141,9.904369736530946
Hagebro,142,9.903331266564397
Hagebro,143,9.902456146166452
Hagebro,144,9.901420566888593
Hagebro,145,9.900414752027109
Hagebro,146,9.899362515100416
Hagebro,147,9.898240727236153
Hagebro,148,9.896975182824617
Hagebro,149,9.895670933482343
Hagebro,150,9.894409742185358
Hagebro,151,9.893304360852392
Hagebro,152,9.892409490162855
Hagebro,153,9.891432061324814
Hagebro,154,9.890582925750174
Hagebro,155,9.889665062968566
Hagebro,156,9.888720972432946
Hagebro,157,9.88786354872384
Hagebro,158,9.887104719124917
Hagebro,159,9.886549289856228
Hagebro,160,9.886298446669876
Hagebro,161,9.886139893895999
Hagebro,162,9.885955851975615
Hagebro,163,9.88599034518011
Hagebro,164,9.885996937944856
Hagebro,165,9.885847997966298
Hagebro,166,9.885616522850109
Hagebro,167,9.885571984302722
Hagebro,168,9.885625085735406
Hagebro,169,9.885518795193006
Hagebro,170,9.88558981865516
Hagebro,171,9.885805726814436
Hagebro,172,9.886069821465586
Hagebro,173,9.886199624705093
Hagebro,174,9.886275721046047
Hagebro,175,9.886328949873866
Hagebro,176,9.886449185686006
Hagebro,177,9.886711885113982
Hagebro,178,9.887046048555455
Hagebro,179,9.887220124897283
Hagebro,180,9.887514558141621
Hagebro,181,9.887713348308099
Hagebro,182,9.887935141153209
Hagebro,183,9.888264853807128
Hagebro,184,9.888712670622889
Hagebro,185,9.889093344956692
Hagebro,186,9.88949488642229
Hagebro,187,9.890080628980996
Hagebro,188,9.89050898382052
Hagebro,189,9.89092721054462
Hagebro,190,9.890944549398245
Hagebro,191,9.890885109822245
Hagebro,192,9.89093776374219
Hagebro,193,9.891354038609112
Hagebro,194,9.892016284461345
Hagebro,195,9.89296057157363
Hagebro,196,9.893779073800161
Hagebro,197,9.894589442119482
Hagebro,198,9.895404646138374
Hagebro,199,9.896193339728677
Hagebro,200,9.896957022289213
Hagebro,201,9.897606642215704
Hagebro,202,9.897883345104104
Hagebro,203,9.89804733901133
Hagebro,204,9.898289088987045
Hagebro,205,9.89854306191297
Hagebro,206,9.898776059765524
Hagebro,207,9.899244664576914
Hagebro,208,9.899928797930272
Hagebro,209,9.90082938993876
Hagebro,210,9.901821364132132
Hagebro,211,9.903055826377514
Hagebro,212,9.904102037863966
Hagebro,213,9.905133687038104
Hagebro,214,9.906281865866267
Hagebro,215,9.907322363578608
Hagebro,216,9.908234913777155
Hagebro,217,9.909113627990282
Hagebro,218,9.91022498781938
Hagebro,219,9.911185369384162
Hagebro,220,9.91228374369926
Hagebro,221,9.9134611103795809
Hagebro,222,9.914538292998698
Hagebro,223,9.915122968050111
Hagebro,224,9.91575414230639
Hagebro,225,9.916554254215102
Hagebro,226,9.917512339988365
Hagebro,227,9.91837916130726
Hagebro,228,9.91933576931021
Hagebro,229,9.92056166874191
Hagebro,230,9.92181993197331
Hagebro,231,9.922899398751108
Hagebro,232,9.924038068506556
Hagebro,233,9.92547300302889
Hagebro,234,9.92714545073169
Hagebro,235,9.928636427923182
Hagebro,236,9.9300892472371185
Hagebro,237,9.931457894130565
Hagebro,238,9.93275158940212
Hagebro,239,9.934119772890975
Hagebro,240,9.935373347537501
Hagebro,241,9.936474672687982
Hagebro,242,9.937458994008951
Hagebro,243,9.938541608846483
Hagebro,244,9.93949493619021
Hagebro,245,9.940409575861448
Hagebro,246,9.94140339401071
Hagebro,247,9.942345036477995
Hagebro,248,9.943296581047967
Hagebro,249,9.944251193581248
Hagebro,250,9.945105379736162
Hagebro,251,9.946133416254673
Hagebro,252,9.94729974590393
Hagebro,253,9.94838535329351
Hagebro,254,9.949530342182655
Hagebro,255,9.95077756552891
Hagebro,256,9.952003095596172
Hagebro,257,9.953055658048592
Hagebro,258,9.954231939174761
Hagebro,259,9.955494631913622
Hagebro,260,9.956600415116958
Hagebro,261,9.957746393168545
Hagebro,262,9.958706923863726
Hagebro,263,9.959828482783063
Hagebro,264,9.96093177698214
Hagebro,265,9.961959937656319
Hagebro,266,9.963058581942214
Hagebro,267,9.964121378148974
Hagebro,268,9.965100667733381
Hagebro,269,9.966409074855195
Hagebro,270,9.967547854854246
Hagebro,271,9.968599612328571
Hagebro,272,9.969572773107958
Hagebro,273,9.970509324145434
Hagebro,274,9.971322894246796
Hagebro,275,9.972105774563403
Hagebro,276,9.972850608182505
Hagebro,277,9.973467839904586
Hagebro,278,9.97416716387106
Hagebro,279,9.974714315589386
Hagebro,280,9.975295410387076
Hagebro,281,9.975741049423172
Hagebro,282,9.976252233751847
Hagebro,283,9.976481171371836
Hagebro,284,9.976646070672047
Hagebro,285,9.976607448468402
Hagebro,286,9.976689214446907
Hagebro,287,9.97693359263315
Hagebro,288,9.977271088771912
Hagebro,289,9.977604979700898
Hagebro,290,9.977941579849068
Hagebro,291,9.97844604246161
Hagebro,292,9.978886982282877
Hagebro,293,9.979328869405228
Hagebro,294,9.979728393224715
Hagebro,295,9.979916605769652
Hagebro,296,9.980103573449387
Hagebro,297,9.980327916968932
Hagebro,298,9.980531533881027
Hagebro,299,9.980783364994208
Hagebro,300,9.980991757912603
Hagebro,301,9.980934245937842
Hagebro,302,9.98097115542062
Hagebro,303,9.980979151566446
Hagebro,304,9.98075380046723
Hagebro,305,9.980598782510631
Hagebro,306,9.980463026724522
Hagebro,307,9.980592244580237
Hagebro,308,9.980806319219829
Hagebro,309,9.981303055601012
Hagebro,310,9.981875268931766
Hagebro,311,9.982564899369676
Hagebro,312,9.98334422176969
Hagebro,313,9.984155074486406
Hagebro,314,9.984845722038086
Hagebro,315,9.985485074223085
Hagebro,316,9.986032617823273
Hagebro,317,9.987084117324251
Hagebro,318,9.988452578714188
Hagebro,319,9.989640974930836
Hagebro,320,9.990936988724535
Hagebro,321,9.992126821469096
Hagebro,322,9.993418633775853
Hagebro,323,9.994412986243608
Hagebro,324,9.995188560096722
Hagebro,325,9.996230575507171
Hagebro,326,9.99714303889143
Hagebro,327,9.998107756993761
Hagebro,328,9.999416010264303
Hagebro,329,10.000571470482562
Hagebro,330,10.001820438566249
Hagebro,331,10.003087318970506
Hagebro,332,10.004362555677453
Hagebro,333,10.005615242246432
Hagebro,334,10.006997122717051
Hagebro,335,10.008592819653954
Hagebro,336,10.010158554062297
Hagebro,337,10.011710398308674
Hagebro,338,10.013105542062982
Hagebro,339,10.014141244919164
Hagebro,340,10.014792144562088
Hagebro,341,10.01549872494788
Hagebro,342,10.016334041949541
Hagebro,343,10.017105139171356
Hagebro,344,10.017849340579442
Hagebro,345,10.018677722247425
Hagebro,346,10.01946189179538
Hagebro,347,10.020087403893521
Hagebro,348,10.020597284395093
Hagebro,349,10.021162841980484
Hagebro,350,10.021606389571348
Hagebro,351,10.021830748889892
Hagebro,352,10.02206338242402
Hagebro,353,10.022343976868328
Hagebro,354,10.022742187318538
Hagebro,355,10.023143041243586
Hagebro,356,10.023424749249179
Hagebro,357,10.02366001338751
Hagebro,358,10.024279427505778
Hagebro,359,10.024788529716114
Hagebro,360,10.025371269478937
Hagebro,361,10.022377724550804
Hagebro,362,10.023171340164902
Hagebro,363,10.020118845333542
Hagebro,364,10.020937868728627
Hagebro,365,10.021815665251596
Hagebro,366,10.02262144352136
Karup By,1,28.470548481705638
Karup By,2,28.470103347172508
Karup By,3,28.470084076113512
Karup By,4,28.47022815821365
Karup By,5,28.470303179602865
Karup By,6,28.47023576428282
Karup By,7,28.47035136043795
Karup By,8,28.470536229587335
Karup By,9,28.470910604112223
Karup By,10,28.471347174781414
Karup By,11,28.47163971612339
Karup By,12,28.471650256908163
Karup By,13,28.47147486012008
Karup By,14,28.47108346665733
Karup By,15,28.47057330542817
Karup By,16,28.470062218594784
Karup By,17,28.46951390470145
Karup By,18,28.468861567532315
Karup By,19,28.46814428311651
Karup By,20,28.467283922765965
Karup By,21,28.466244361681337
Karup By,22,28.464942834938938
Karup By,23,28.46333668389816
Karup By,24,28.461622104288463
Karup By,25,28.46021869532648
Karup By,26,28.45911636020604
Karup By,27,28.45835237114981
Karup By,28,28.457780139620137
Karup By,29,28.45731140634147
Karup By,30,28.456795798368763
Karup By,31,28.455976675380736
Karup By,32,28.454907363467704
Karup By,33,28.453390042281654
Karup By,34,28.451539903709907
Karup By,35,28.44949688274865
Karup By,36,28.44759419741201
Karup By,37,28.445911175234766
Karup By,38,28.444417216174347
Karup By,39,28.443023656756132
Karup By,40,28.441741617873436
Karup By,41,28.439956616551637
Karup By,42,28.437678693189074
Karup By,43,28.43525972197515
Karup By,44,28.43300898493621
Karup By,45,28.430724448143536
Karup By,46,28.427760868738687
Karup By,47,28.424635410126115
Karup By,48,28.421874532240427
Karup By,49,28.419786690798006
Karup By,50,28.418018759014085
Karup By,51,28.416053765524353
Karup By,52,28.413933728932875
Karup By,53,28.41163222074893
Karup By,54,28.409733723511934
Karup By,55,28.407818495432274
Karup By,56,28.404871545126102
Karup By,57,28.402131104785628
Karup By,58,28.399398864889807
Karup By,59,28.396406209074502
Karup By,60,28.393247715442538
Karup By,61,28.390325823793713
Karup By,62,28.38826175683106
Karup By,63,28.386386693843676
Karup By,64,28.384631942673817
Karup By,65,28.38291095311716
Karup By,66,28.38094594801875
Karup By,67,28.378764804483893
Karup By,68,28.376412100427036
Karup By,69,28.37382269985022
Karup By,70,28.371553130235238
Karup By,71,28.369358597444982
Karup By,72,28.367268812461422
Karup By,73,28.365193130160627
Karup By,74,28.363304397049856
Karup By,75,28.361614125629703
Karup By,76,28.360083442177633
Karup By,77,28.358342157566234
Karup By,78,28.356632656635373
Karup By,79,28.35498442493232
Karup By,80,28.35336615298329
Karup By,81,28.35183586307562
Karup By,82,28.350051776480072
Karup By,83,28.347995768253522
Karup By,84,28.345998503484807
Karup By,85,28.344273412723503
Karup By,86,28.342579199982236
Karup By,87,28.34072763871433
Karup By,88,28.338723705574576
Karup By,89,28.336686236773968
Karup By,90,28.3347803982555
Karup By,91,28.333094706262607
Karup By,92,28.331233304073542
Karup By,93,28.328913876780426
Karup By,94,28.326498176458074
Karup By,95,28.32425172834731
Karup By,96,28.322097830911908
Karup By,97,28.319705509885743
Karup By,98,28.317309930261235
Karup By,99,28.314931702699305
Karup By,100,28.312755633017517
Karup By,101,28.31087414955733
Karup By,102,28.309320248837988
Karup By,103,28.307930107182372
Karup By,104,28.306652475102823
Karup By,105,28.305442887104967
Karup By,106,28.3042499859105
Karup By,107,28.303161941742022
Karup By,108,28.302253626769165
Karup By,109,28.301440561792635
Karup By,110,28.30073935017376
Karup By,111,28.300162380270752
Karup By,112,28.300018288803763
Karup By,113,28.300046781577507
Karup By,114,28.300010153153956
Karup By,115,28.299970846843497
Karup By,116,28.299954076964024
Karup By,117,28.29978702016197
Karup By,118,28.29943995461371
Karup By,119,28.299043704428108
Karup By,120,28.298768947067305
Karup By,121,28.298567095585906
Karup By,122,28.29854028065235
Karup By,123,28.298729047323203
Karup By,124,28.29906174046096
Karup By,125,28.299375450356827
Karup By,126,28.29958844245886
Karup By,127,28.2997186451367
Karup By,128,28.29972647070037
Karup By,129,28.299774024483934
Karup By,130,28.299861993419967
Karup By,131,28.30003408689786
Karup By,132,28.300314376205105
Karup By,133,28.300759398162675
Karup By,134,28.300948724821584
Karup By,135,28.30101718805344
Karup By,136,28.301132229473502
Karup By,137,28.301402641724085
Karup By,138,28.301389949322953
Karup By,139,28.30106637479381
Karup By,140,28.30091305843963
Karup By,141,28.301311531154095
Karup By,142,28.302040406487567
Karup By,143,28.302876384592434
Karup By,144,28.303466131978038
Karup By,145,28.304200245026237
Karup By,146,28.30582271374842
Karup By,147,28.307466377931718
Karup By,148,28.308968458800003
Karup By,149,28.310504982985872
Karup By,150,28.31213083758578
Karup By,151,28.31358870706693
Karup By,152,28.314440167385854
Karup By,153,28.31548580148503
Karup By,154,28.316655544891145
Karup By,155,28.317649007386997
Karup By,156,28.318694015187283
Karup By,157,28.319730094254233
Karup By,158,28.3210201038238
Karup By,159,28.32279876836697
Karup By,160,28.324676525850418
Karup By,161,28.32662262330219
Karup By,162,28.3285873652955
Karup By,163,28.33059242013853
Karup By,164,28.332570199336956
Karup By,165,28.334517989220714
Karup By,166,28.33652512446034
Karup By,167,28.33868778272849
Karup By,168,28.34093405437294
Karup By,169,28.343106810852788
Karup By,170,28.345563987626374
Karup By,171,28.348068310289033
Karup By,172,28.350596720530557
Karup By,173,28.353066314930274
Karup By,174,28.355554612329158
Karup By,175,28.35805578343834
Karup By,176,28.360633409418497
Karup By,177,28.36334466437183
Karup By,178,28.366060742544505
Karup By,179,28.36874532840734
Karup By,180,28.371489215633186
Karup By,181,28.374200270533514
Karup By,182,28.37693698409829
Karup By,183,28.37976707059342
Karup By,184,28.382672445234594
Karup By,185,28.38551801715311
Karup By,186,28.38838605958355
Karup By,187,28.39134193289265
Karup By,188,28.39415394133027
Karup By,189,28.396901460594435
Karup By,190,28.399481324484526
Karup By,191,28.40201331721114
Karup By,192,28.404658321614786
Karup By,193,28.407437070787942
Karup By,194,28.41043783025227
Karup By,195,28.41358861558973
Karup By,196,28.416707826943586
Karup By,197,28.419680852866446
Karup By,198,28.422618843092984
Karup By,199,28.425390211036905
Karup By,200,28.42795724221631
Karup By,201,28.43046246206683
Karup By,202,28.432416527557642
Karup By,203,28.434175041743345
Karup By,204,28.43599345449532
Karup By,205,28.43770759100655
Karup By,206,28.43927697707098
Karup By,207,28.44093071548619
Karup By,208,28.442729104129747
Karup By,209,28.44461658835834
Karup By,210,28.446523611507498
Karup By,211,28.448427957613035
Karup By,212,28.450150192668243
Karup By,213,28.451781071975617
Karup By,214,28.453425394731653
Karup By,215,28.45510766161765
Karup By,216,28.456744659676158
Karup By,217,28.458556380457352
Karup By,218,28.460696004437185
Karup By,219,28.462618654356753
Karup By,220,28.46461883158785
Karup By,221,28.46652850579178
Karup By,222,28.46836126046027
Karup By,223,28.469930353153437
Karup By,224,28.471552149652712
Karup By,225,28.473316735001013
Karup By,226,28.475297610219872
Karup By,227,28.477233998968604
Karup By,228,28.479071075760142
Karup By,229,28.480905745385314
Karup By,230,28.482594867308528
Karup By,231,28.484104504032093
Karup By,232,28.48558066778785
Karup By,233,28.487453149865434
Karup By,234,28.489407884383596
Karup By,235,28.491182455899622
Karup By,236,28.492908705290642
Karup By,237,28.494415833456845
Karup By,238,28.495850942629048
Karup By,239,28.49724369080332
Karup By,240,28.498515876387277
Karup By,241,28.49966969433166
Karup By,242,28.50073215616781
Karup By,243,28.501670306734848
Karup By,244,28.502452522604134
Karup By,245,28.503218939052786
Karup By,246,28.504000521674694
Karup By,247,28.50473814819118
Karup By,248,28.50539236311045
Karup By,249,28.50596323771867
Karup By,250,28.506601905455685
Karup By,251,28.507473951762737
Karup By,252,28.50841698000505
Karup By,253,28.509404674330128
Karup By,254,28.510441943487045
Karup By,255,28.511472262074058
Karup By,256,28.512197502984048
Karup By,257,28.512768196139067
Karup By,258,28.513573477446204
Karup By,259,28.514566969604893
Karup By,260,28.51532388474208
Karup By,261,28.515894351568136
Karup By,262,28.516280141644206
Karup By,263,28.516746953331197
Karup By,264,28.517172819342715
Karup By,265,28.517550326958293
Karup By,266,28.51784547009127
Karup By,267,28.51803601086507
Karup By,268,28.518182010559393
Karup By,269,28.518349487515867
Karup By,270,28.518344583056553
Karup By,271,28.518223810514296
Karup By,272,28.51799887712857
Karup By,273,28.517787552466682
Karup By,274,28.51745552215651
Karup By,275,28.51710695315628
Karup By,276,28.516681268954382
Karup By,277,28.516147844334306
Karup By,278,28.515578772796708
Karup By,279,28.514960064674955
Karup By,280,28.51427637797371
Karup By,281,28.513400235439576
Karup By,282,28.512413043692117
Karup By,283,28.51138622533948
Karup By,284,28.51030084355306
Karup By,285,28.50898447874216
Karup By,286,28.507568270637563
Karup By,287,28.506282525474436
Karup By,288,28.505041606900036
Karup By,289,28.503948082563223
Karup By,290,28.50301759568014
Karup By,291,28.502135689074624
Karup By,292,28.501471094296143
Karup By,293,28.500854274428875
Karup By,294,28.500251731333485
Karup By,295,28.499496410807684
Karup By,296,28.49878868217041
Karup By,297,28.498127042848207
Karup By,298,28.49760719044344
Karup By,299,28.497320957875235
Karup By,300,28.49706684055102
Karup By,301,28.496745628130714
Karup By,302,28.496374431517886
Karup By,303,28.49575529432254
Karup By,304,28.494915382400695
Karup By,305,28.49399722394716
Karup By,306,28.49305688716015
Karup By,307,28.492162024315903
Karup By,308,28.491202060837104
Karup By,309,28.49070950594694
Karup By,310,28.490369911465063
Karup By,311,28.49030270673778
Karup By,312,28.49025434028534
Karup By,313,28.490125909454658
Karup By,314,28.489820678806836
Karup By,315,28.48948218646369
Karup By,316,28.4889003174082
Karup By,317,28.488657616861975
Karup By,318,28.488818648728778
Karup By,319,28.489096062069848
Karup By,320,28.48939830168127
Karup By,321,28.4895025799828
Karup By,322,28.48994076324921
Karup By,323,28.49005548943417
Karup By,324,28.49026343083823
Karup By,325,28.490376331546443
Karup By,326,28.490273509724403
Karup By,327,28.490425212746274
Karup By,328,28.490753639382017
Karup By,329,28.491205950254393
Karup By,330,28.491414913748212
Karup By,331,28.491483921657515
Karup By,332,28.49158387415939
Karup By,333,28.49146033553408
Karup By,334,28.49152735372366
Karup By,335,28.491851996795514
Karup By,336,28.492351110242897
Karup By,337,28.492935313203905
Karup By,338,28.493353415159067
Karup By,339,28.493121891626696
Karup By,340,28.492401694943617
Karup By,341,28.49158520147203
Karup By,342,28.490857740796447
Karup By,343,28.490237762690022
Karup By,344,28.489679923431677
Karup By,345,28.48930127915403
Karup By,346,28.48883969816268
Karup By,347,28.488306129131292
Karup By,348,28.487312454502913
Karup By,349,28.4861893741228
Karup By,350,28.48486197137477
Karup By,351,28.483598342964534
Karup By,352,28.48241150880593
Karup By,353,28.48138691381422
Karup By,354,28.480388815157998
Karup By,355,28.47936418525235
Karup By,356,28.478252188562656
Karup By,357,28.477005279468024
Karup By,358,28.476135584048446
Karup By,359,28.475491409640316
Karup By,360,28.47486157719588
Karup By,361,28.474097316429337
Karup By,362,28.473360433241197
Karup By,363,28.47267897174235
Karup By,364,28.472195225851408
Karup By,365,28.471782537977855
Karup By,366,28.471241008943448
Nørkærbro,1,3.28173397556851
Nørkærbro,2,3.2835663519615395
Nørkærbro,3,3.2858938441144816
Nørkærbro,4,3.2882946380322857
Nørkærbro,5,3.290761214138873
Nørkærbro,6,3.292880472102654
Nørkærbro,7,3.2954112639505686
Nørkærbro,8,3.2979667062225984
Nørkærbro,9,3.3006032045809737
Nørkærbro,10,3.303476914045198
Nørkærbro,11,3.306201885830765
Nørkærbro,12,3.308606532511494
Nørkærbro,13,3.3107617620992476
Nørkærbro,14,3.312678618372326
Nørkærbro,15,3.314423402847126
Nørkærbro,16,3.3161636522379903
Nørkærbro,17,3.3176220478044574
Nørkærbro,18,3.3189580043281137
Nørkærbro,19,3.3203214125092426
Nørkærbro,20,3.3214120390012782
Nørkærbro,21,3.322298522160049
Nørkærbro,22,3.3229288798974137
Nørkærbro,23,3.3230581886509047
Nørkærbro,24,3.3230017217643777
Nørkærbro,25,3.32319485604372
Nørkærbro,26,3.3237632469378102
Nørkærbro,27,3.3245923102495887
Nørkærbro,28,3.3257884985605672
Nørkærbro,29,3.3270147348213546
Nørkærbro,30,3.328221226803034
Nørkærbro,31,3.3290776467382517
Nørkærbro,32,3.329554076310659
Nørkærbro,33,3.3294409709122865
Nørkærbro,34,3.3289302208895815
Nørkærbro,35,3.328158535523535
Nørkærbro,36,3.3274458483776694
Nørkærbro,37,3.3270507189710714
Nørkærbro,38,3.326783642488933
Nørkærbro,39,3.326639429946691
Nørkærbro,40,3.3264874846151162
Nørkærbro,41,3.325745598993091
Nørkærbro,42,3.324259684513904
Nørkærbro,43,3.322625197006854
Nørkærbro,44,3.32124112671066
Nørkærbro,45,3.3198671444334806
Nørkærbro,46,3.317798235960561
Nørkærbro,47,3.3151837582419974
Nørkærbro,48,3.3131459634815674
Nørkærbro,49,3.311769440191261
Nørkærbro,50,3.310466356843763
Nørkærbro,51,3.309407860594992
Nørkærbro,52,3.3080257366623367
Nørkærbro,53,3.306592992812286
Nørkærbro,54,3.305203331892521
Nørkærbro,55,3.3036410959532283
Nørkærbro,56,3.3020251287105973
Nørkærbro,57,3.300646783570813
Nørkærbro,58,3.2993945452343247
Nørkærbro,59,3.2976897192852554
Nørkærbro,60,3.295840852199321
Nørkærbro,61,3.2939070301747257
Nørkærbro,62,3.2920362075078367
Nørkærbro,63,3.290308821927943
Nørkærbro,64,3.288599349717437
Nørkærbro,65,3.286793244827333
Nørkærbro,66,3.284577494011602
Nørkærbro,67,3.2821687305088014
Nørkærbro,68,3.2796192915508278
Nørkærbro,69,3.2771652322203444
Nørkærbro,70,3.274842622717208
Nørkærbro,71,3.2725962063098004
Nørkærbro,72,3.2702838694526224
Nørkærbro,73,3.2679847873281016
Nørkærbro,74,3.2658989637982123
Nørkærbro,75,3.263822754128031
Nørkærbro,76,3.2618006858691433
Nørkærbro,77,3.2597441587048928
Nørkærbro,78,3.2576528894652386
Nørkærbro,79,3.2556268724660082
Nørkærbro,80,3.2535423648663904
Nørkærbro,81,3.251479515937058
Nørkærbro,82,3.2491183824250025
Nørkærbro,83,3.2464937100064053
Nørkærbro,84,3.2439410482923883
Nørkærbro,85,3.2414133017127327
Nørkærbro,86,3.2387305645130975
Nørkærbro,87,3.236101109261162
Nørkærbro,88,3.2334080484001175
Nørkærbro,89,3.230643428938702
Nørkærbro,90,3.2278010394397074
Nørkærbro,91,3.2250802463475523
Nørkærbro,92,3.2221617488952505
Nørkærbro,93,3.218669422611098
Nørkærbro,94,3.2150737912736944
Nørkærbro,95,3.211563669123619
Nørkærbro,96,3.2082918615381573
Nørkærbro,97,3.2044539093688353
Nørkærbro,98,3.2005476961334764
Nørkærbro,99,3.196745032581676
Nørkærbro,100,3.1932253083149833
Nørkærbro,101,3.1898200360172493
Nørkærbro,102,3.1867767137035834
Nørkærbro,103,3.1839483469221395
Nørkærbro,104,3.1811461459611334
Nørkærbro,105,3.1783553850077935
Nørkærbro,106,3.1755640999508663
Nørkærbro,107,3.1728607524839108
Nørkærbro,108,3.170338492110216
Nørkærbro,109,3.1678762331371906
Nørkærbro,110,3.1655430230245627
Nørkærbro,111,3.1632914393788103
Nørkærbro,112,3.161617418793181
Nørkærbro,113,3.1603431990592097
Nørkærbro,114,3.1590164760793575
Nørkærbro,115,3.157619012096381
Nørkærbro,116,3.1562149667585553
Nørkærbro,117,3.1544534127231465
Nørkærbro,118,3.1522027656151472
Nørkærbro,119,3.1499323514502713
Nørkærbro,120,3.147725307652174
Nørkærbro,121,3.1454499706947066
Nørkærbro,122,3.143177900328664
Nørkærbro,123,3.1411113343069976
Nørkærbro,124,3.139280667324006
Nørkærbro,125,3.137465610866131
Nørkærbro,126,3.135512849367103
Nørkærbro,127,3.1334479300505125
Nørkærbro,128,3.131165686320499
Nørkærbro,129,3.1288075841980616
Nørkærbro,130,3.126489968536404
Nørkærbro,131,3.1242810452238734
Nørkærbro,132,3.122210968399485
Nørkærbro,133,3.1205544438983295
Nørkærbro,134,3.118574407801356
Nørkærbro,135,3.116420171606117
Nørkærbro,136,3.1142661524613775
Nørkærbro,137,3.1123006920892697
Nørkærbro,138,3.110046279958088
Nørkærbro,139,3.1074232452753447
Nørkærbro,140,3.104863009226707
Nørkærbro,141,3.1026677803951297
Nørkærbro,142,3.1008561289728966
Nørkærbro,143,3.099235319432861
Nørkærbro,144,3.097494311793472
Nørkærbro,145,3.095623762225287
Nørkærbro,146,3.093653613025578
Nørkærbro,147,3.09163741930701
Nørkærbro,148,3.089359661648385
Nørkærbro,149,3.0869407067015224
Nørkærbro,150,3.0845978158287815
Nørkærbro,151,3.082578419941438
Nørkærbro,152,3.0811036408668695
Nørkærbro,153,3.079421154529198
Nørkærbro,154,3.0779095258703233
Nørkærbro,155,3.0763444958384807
Nørkærbro,156,3.074668603334408
Nørkærbro,157,3.0730311057168422
Nørkærbro,158,3.0714933637698927
Nørkærbro,159,3.0702511827942196
Nørkærbro,160,3.0694343433385973
Nørkærbro,161,3.0688820186485706
Nørkærbro,162,3.0683222290643686
Nørkærbro,163,3.0678874584129052
Nørkærbro,164,3.067565243949309
Nørkærbro,165,3.066951811553617
Nørkærbro,166,3.0662827588844928
Nørkærbro,167,3.065733520136736
Nørkærbro,168,3.0654101279097317
Nørkærbro,169,3.0648400590488216
Nørkærbro,170,3.064429964577927
Nørkærbro,171,3.0641991156950903
Nørkærbro,172,3.06405741282993
Nørkærbro,173,3.0636959439967226
Nørkærbro,174,3.063204579944051
Nørkærbro,175,3.062743157718163
Nørkærbro,176,3.062487307558639
Nørkærbro,177,3.062265248091585
Nørkærbro,178,3.0621886174178403
Nørkærbro,179,3.0618361867626955
Nørkærbro,180,3.061411915397096
Nørkærbro,181,3.0608087632180454
Nørkærbro,182,3.060241712623428
Nørkærbro,183,3.0598038329328494
Nørkærbro,184,3.0595656503175186
Nørkærbro,185,3.059222518296766
Nørkærbro,186,3.058765751946601
Nørkærbro,187,3.058507726011009
Nørkærbro,188,3.058074334384637
Nørkærbro,189,3.0575829763484346
Nørkærbro,190,3.056710566385465
Nørkærbro,191,3.0558510367764478
Nørkærbro,192,3.055186756008714
Nørkærbro,193,3.054895485217558
Nørkærbro,194,3.055114261219041
Nørkærbro,195,3.0555847627057005
Nørkærbro,196,3.0559401135064697
Nørkærbro,197,3.0561991616846966
Nørkærbro,198,3.0564241360717843
Nørkærbro,199,3.056653573263634
Nørkærbro,200,3.0569484646690563
Nørkærbro,201,3.0571382876765547
Nørkærbro,202,3.0568113779834962
Nørkærbro,203,3.0562450203153073
Nørkærbro,204,3.055811993836336
Nørkærbro,205,3.0550680622322623
Nørkærbro,206,3.05408240724726
Nørkærbro,207,3.0533687684815534
Nørkærbro,208,3.0530315154437795
Nørkærbro,209,3.053092351195725
Nørkærbro,210,3.0533030493601703
Nørkærbro,211,3.0537760431284173
Nørkærbro,212,3.054149281114915
Nørkærbro,213,3.054328661130678
Nørkærbro,214,3.0548290137309575
Nørkærbro,215,3.055227455610818
Nørkærbro,216,3.055560482535071
Nørkærbro,217,3.055864689917713
Nørkærbro,218,3.056588848754243
Nørkærbro,219,3.0574100823946266
Nørkærbro,220,3.0583145483114236
Nørkærbro,221,3.059434501707209
Nørkærbro,222,3.0604372832617237
Nørkærbro,223,3.060836005821512
Nørkærbro,224,3.06112208264543
Nørkærbro,225,3.06161740883331
Nørkærbro,226,3.0625115120487307
Nørkærbro,227,3.0633422202648797
Nørkærbro,228,3.064152690787001
Nørkærbro,229,3.065057613951373
Nørkærbro,230,3.066017004612681
Nørkærbro,231,3.0667650380435805
Nørkærbro,232,3.067534925481564
Nørkærbro,233,3.0689157202361677
Nørkærbro,234,3.0710167690553276
Nørkærbro,235,3.0728611386775966
Nørkærbro,236,3.074578547159803
Nørkærbro,237,3.0761717581084786
Nørkærbro,238,3.077636963479891
Nørkærbro,239,3.0791630588597743
Nørkærbro,240,3.080455283526021
Nørkærbro,241,3.0814884811082037
Nørkærbro,242,3.0822150580780865
Nørkærbro,243,3.0831315146144704
Nørkærbro,244,3.083944424008084
Nørkærbro,245,3.084553835793149
Nørkærbro,246,3.085313885426531
Nørkærbro,247,3.08613041320995
Nørkærbro,248,3.086951328341276
Nørkærbro,249,3.087809399877442
Nørkærbro,250,3.0886489974740012
Nørkærbro,251,3.0896045828266807
Nørkærbro,252,3.0908632014965445
Nørkærbro,253,3.0922174384535492
Nørkærbro,254,3.093614112099168
Nørkærbro,255,3.0953923312274503
Nørkærbro,256,3.097234915834573
Nørkærbro,257,3.0988924938535383
Nørkærbro,258,3.1007350136024696
Nørkærbro,259,3.102746014460284
Nørkærbro,260,3.1044555318232394
Nørkærbro,261,3.1061927913536365
Nørkærbro,262,3.107711867783348
Nørkærbro,263,3.1094570595312057
Nørkærbro,264,3.1112644205243023
Nørkærbro,265,3.112940458482084
Nørkærbro,266,3.1145596161244287
Nørkærbro,267,3.116230922639224
Nørkærbro,268,3.117680772717017
Nørkærbro,269,3.1195156495053027
Nørkærbro,270,3.121363387963464
Nørkærbro,271,3.123157800218861
Nørkærbro,272,3.124936063237622
Nørkærbro,273,3.1266664876877694
Nørkærbro,274,3.128237087875004
Nørkærbro,275,3.1297752224600153
Nørkærbro,276,3.1314163466714326
Nørkærbro,277,3.1329680320414646
Nørkærbro,278,3.134623111736629
Nørkærbro,279,3.1361419397979646
Nørkærbro,280,3.137638416917362
Nørkærbro,281,3.1389387162208386
Nørkærbro,282,3.140175074346689
Nørkærbro,283,3.1412093504918874
Nørkærbro,284,3.1420796602957535
Nørkærbro,285,3.142795512844241
Nørkærbro,286,3.143509654579475
Nørkærbro,287,3.1445056096481823
Nørkærbro,288,3.1455082737383537
Nørkærbro,289,3.1464941477052735
Nørkærbro,290,3.1474569895243922
Nørkærbro,291,3.148592189027492
Nørkærbro,292,3.14968905927415
Nørkærbro,293,3.1508583524322584
Nørkærbro,294,3.1519708758529505
Nørkærbro,295,3.1531220103281767
Nørkærbro,296,3.154423740942735
Nørkærbro,297,3.1558172395103514
Nørkærbro,298,3.157279569269879
Nørkærbro,299,3.1588760915608773
Nørkærbro,300,3.160456543864561
Nørkærbro,301,3.1618519277573798
Nørkærbro,302,3.1632562447213526
Nørkærbro,303,3.1646400754585686
Nørkærbro,304,3.165459333393761
Nørkærbro,305,3.1663090880107583
Nørkærbro,306,3.1672352847740206
Nørkærbro,307,3.1684614997690628
Nørkærbro,308,3.1697582607681865
Nørkærbro,309,3.1713437057559752
Nørkærbro,310,3.1730845930596447
Nørkærbro,311,3.17484955532303
Nørkærbro,312,3.1767575209697916
Nørkærbro,313,3.1786675686951607
Nørkærbro,314,3.1805107418121774
Nørkærbro,315,3.182336041743372
Nørkærbro,316,3.1839827515273655
Nørkærbro,317,3.1861063215833116
Nørkærbro,318,3.1887847084627103
Nørkærbro,319,3.191476780458437
Nørkærbro,320,3.194310466305862
Nørkærbro,321,3.1970088058990354
Nørkærbro,322,3.199676871516979
Nørkærbro,323,3.2019845189020204
Nørkærbro,324,3.2035602984362455
Nørkærbro,325,3.20540638407032
Nørkærbro,326,3.207301718693244
Nørkærbro,327,3.2091576410216653
Nørkærbro,328,3.2116779720048543
Nørkærbro,329,3.2142069724660876
Nørkærbro,330,3.2168331961036514
Nørkærbro,331,3.219597036024935
Nørkærbro,332,3.2223118101016053
Nørkærbro,333,3.2247532063872595
Nørkærbro,334,3.2273039829165775
Nørkærbro,335,3.2304904803840837
Nørkærbro,336,3.2337828079543582
Nørkærbro,337,3.237056923509669
Nørkærbro,338,3.2400742736533408
Nørkærbro,339,3.2426106595172177
Nørkærbro,340,3.244417112555544
Nørkærbro,341,3.2461399288684087
Nørkærbro,342,3.248012940414402
Nørkærbro,343,3.249738942752164
Nørkærbro,344,3.2514220390853588
Nørkærbro,345,3.252979912083411
Nørkærbro,346,3.2545426297567426
Nørkærbro,347,3.25594389238086
Nørkærbro,348,3.2569496664397577
Nørkærbro,349,3.2579447332118288
Nørkærbro,350,3.2588924018868632
Nørkærbro,351,3.2597109333528578
Nørkærbro,352,3.260572852370576
Nørkærbro,353,3.2615336383215983
Nørkærbro,354,3.2625893785064317
Nørkærbro,355,3.263724560545624
Nørkærbro,356,3.2647650642691257
Nørkærbro,357,3.2656320914887362
Nørkærbro,358,3.26696710141193
Nørkærbro,359,3.2684059223457704
Nørkærbro,360,3.2698644312859404
Nørkærbro,361,3.271488561568287
Nørkærbro,362,3.2732159764526068
Nørkærbro,363,3.274810178770026
Nørkærbro,364,3.276450888945927
Nørkærbro,365,3.2782876082919508
Nørkærbro,366,3.2800635944388556
