Date,Place,Level
2021-01-05T07:00:00Z,Karup By,-0.14051280492858498
2021-01-05T07:00:00Z,Nørkærbro,NA
2021-01-05T07:00:00Z,Hagebro,NA
2021-01-05T06:45:00Z,Karup By,-0.139201159420773
2021-01-05T06:45:00Z,Nørkærbro,NA
2021-01-05T06:45:00Z,Hagebro,NA
2021-01-05T06:30:00Z,Karup By,-0.138833270016476
2021-01-05T06:30:00Z,Nørkærbro,NA
2021-01-05T06:30:00Z,Hagebro,NA
2021-01-05T06:15:00Z,Karup By,-0.137591433468624
2021-01-05T06:15:00Z,Nørkærbro,NA
2021-01-05T06:15:00Z,Hagebro,NA
2021-01-05T06:00:00Z,Karup By,-0.13985087865905405
2021-01-05T06:00:00Z,Nørkærbro,NA
2021-01-05T06:00:00Z,Hagebro,-0.15313683664427202
2021-01-05T05:45:00Z,Karup By,-0.140886568966671
2021-01-05T05:45:00Z,Nørkærbro,NA
2021-01-05T05:45:00Z,Hagebro,-0.15281148111448317
2021-01-05T05:30:00Z,Karup By,-0.13853579992370202
2021-01-05T05:30:00Z,Nørkærbro,NA
2021-01-05T05:30:00Z,Hagebro,-0.1530175510607723
2021-01-05T05:15:00Z,Karup By,-0.140420260372921
2021-01-05T05:15:00Z,Nørkærbro,NA
2021-01-05T05:15:00Z,Hagebro,-0.1510168186389027
2021-01-05T05:00:00Z,Karup By,-0.137711901608273
2021-01-05T05:00:00Z,Nørkærbro,0.006130618935540122
2021-01-05T05:00:00Z,Hagebro,-0.15127740060911243
2021-01-05T04:45:00Z,Karup By,-0.13961810583190598
2021-01-05T04:45:00Z,Nørkærbro,0.006893253212883144
2021-01-05T04:45:00Z,Hagebro,-0.15167248880491258
2021-01-05T04:30:00Z,Karup By,-0.14015994543151505
2021-01-05T04:30:00Z,Nørkærbro,0.004434604531243336
2021-01-05T04:30:00Z,Hagebro,-0.15200234567747195
2021-01-05T04:15:00Z,Karup By,-0.138706240597531
2021-01-05T04:15:00Z,Nørkærbro,0.005607166176751166
2021-01-05T04:15:00Z,Hagebro,-0.15149911081419276
2021-01-05T04:00:00Z,Karup By,-0.140543627682491
2021-01-05T04:00:00Z,Nørkærbro,0.006431903725579113
2021-01-05T04:00:00Z,Hagebro,-0.1482779041491522
2021-01-05T03:45:00Z,Karup By,-0.14376071447448402
2021-01-05T03:45:00Z,Nørkærbro,0.005988254433587192
2021-01-05T03:45:00Z,Hagebro,-0.14968423044310164
2021-01-05T03:30:00Z,Karup By,-0.13952556127624105
2021-01-05T03:30:00Z,Nørkærbro,0.004998416787102
2021-01-05T03:30:00Z,Hagebro,-0.15322388803587117
2021-01-05T03:15:00Z,Karup By,-0.139565539303585
2021-01-05T03:15:00Z,Nørkærbro,0.007991199379876024
2021-01-05T03:15:00Z,Hagebro,-0.14834721719847366
2021-01-05T03:00:00Z,Karup By,-0.139657931271359
2021-01-05T03:00:00Z,Nørkærbro,0.006576557045891329
2021-01-05T03:00:00Z,Hagebro,-0.14945676004515285
2021-01-05T02:45:00Z,Karup By,-0.14166049474792097
2021-01-05T02:45:00Z,Nørkærbro,0.007740650063469134
2021-01-05T02:45:00Z,Hagebro,-0.1513504902087206
2021-01-05T02:30:00Z,Karup By,-0.14255671972350697
2021-01-05T02:30:00Z,Nørkærbro,0.005922641640618176
2021-01-05T02:30:00Z,Hagebro,-0.15125584756956378
2021-01-05T02:15:00Z,Karup By,-0.14114978307799902
2021-01-05T02:15:00Z,Nørkærbro,0.007857990151360239
2021-01-05T02:15:00Z,Hagebro,-0.1512302890978816
2021-01-05T02:00:00Z,Karup By,-0.14220172399596798
2021-01-05T02:00:00Z,Nørkærbro,0.006678714638665317
2021-01-05T02:00:00Z,Hagebro,-0.15143391763792202
2021-01-05T01:45:00Z,Karup By,-0.141256899777218
2021-01-05T01:45:00Z,Nørkærbro,0.006443042641594232
2021-01-05T01:45:00Z,Hagebro,-0.15096394693480342
2021-01-05T01:30:00Z,Karup By,-0.14247218603210104
2021-01-05T01:30:00Z,Nørkærbro,0.005185642128899159
2021-01-05T01:30:00Z,Hagebro,-0.15260667001829198
2021-01-05T01:15:00Z,Karup By,-0.14112178320007002
2021-01-05T01:15:00Z,Nørkærbro,0.005438175087883135
2021-01-05T01:15:00Z,Hagebro,-0.14796292459593197
2021-01-05T01:00:00Z,Karup By,-0.13916972631530405
2021-01-05T01:00:00Z,Nørkærbro,0.007370242958977036
2021-01-05T01:00:00Z,Hagebro,-0.14991639291868175
2021-01-05T00:45:00Z,Karup By,-0.14014247411803799
2021-01-05T00:45:00Z,Nørkærbro,0.006505756264641116
2021-01-05T00:45:00Z,Hagebro,-0.14841832315550185
2021-01-05T00:30:00Z,Karup By,-0.14318393224792098
2021-01-05T00:30:00Z,Nørkærbro,0.00631433475585208
2021-01-05T00:30:00Z,Hagebro,-0.14899907266722323
2021-01-05T00:15:00Z,Karup By,-0.14140582555846798
2021-01-05T00:15:00Z,Nørkærbro,0.006343784218743265
2021-01-05T00:15:00Z,Hagebro,-0.14936101114378175
2021-01-05T00:00:00Z,Karup By,-0.138960909786984
2021-01-05T00:00:00Z,Nørkærbro,0.006951770668938151
2021-01-05T00:00:00Z,Hagebro,-0.1493104282580422
2021-01-04T23:45:00Z,Karup By,-0.14360588827661697
2021-01-04T23:45:00Z,Nørkærbro,0.005242181568755111
2021-01-04T23:45:00Z,Hagebro,-0.15238774181864
2021-01-04T23:30:00Z,Karup By,-0.14077797689966398
2021-01-04T23:30:00Z,Nørkærbro,0.004776712208403033
2021-01-04T23:30:00Z,Hagebro,-0.15048760296366004
2021-01-04T23:15:00Z,Karup By,-0.13900315084985898
2021-01-04T23:15:00Z,Nørkærbro,0.0053202302748101005
2021-01-04T23:15:00Z,Hagebro,-0.1498978889133712
2021-01-04T23:00:00Z,Karup By,-0.13942757406763295
2021-01-04T23:00:00Z,Nørkærbro,0.007233911305083218
2021-01-04T23:00:00Z,Hagebro,-0.14989228130838994
2021-01-04T22:45:00Z,Karup By,-0.13940399923853097
2021-01-04T22:45:00Z,Nørkærbro,0.006753412037505235
2021-01-04T22:45:00Z,Hagebro,-0.149269722714641
2021-01-04T22:30:00Z,Karup By,-0.14097031393579695
2021-01-04T22:30:00Z,Nørkærbro,0.006597543507232073
2021-01-04T22:30:00Z,Hagebro,-0.1480193412449099
2021-01-04T22:15:00Z,Karup By,-0.14121437826685096
2021-01-04T22:15:00Z,Nørkærbro,0.00843279436172395
2021-01-04T22:15:00Z,Hagebro,-0.15165688396951948
2021-01-04T22:00:00Z,Karup By,-0.139491966157476
2021-01-04T22:00:00Z,Nørkærbro,0.008707223683013243
2021-01-04T22:00:00Z,Hagebro,-0.14997856976054058
2021-01-04T21:45:00Z,Karup By,-0.14269478598169494
2021-01-04T21:45:00Z,Nørkærbro,0.00879580095352095
2021-01-04T21:45:00Z,Hagebro,-0.15029644848368007
2021-01-04T21:30:00Z,Karup By,-0.14070168295435098
2021-01-04T21:30:00Z,Nørkærbro,0.007575784474028069
2021-01-04T21:30:00Z,Hagebro,-0.14961388470193937
2021-01-04T21:15:00Z,Karup By,-0.137945106416265
2021-01-04T21:15:00Z,Nørkærbro,0.007198358326568011
2021-01-04T21:15:00Z,Hagebro,-0.14817479015848944
2021-01-04T21:00:00Z,Karup By,-0.14182320395044495
2021-01-04T21:00:00Z,Nørkærbro,0.008029809742583272
2021-01-04T21:00:00Z,Hagebro,-0.15286911846658902
2021-01-04T20:45:00Z,Karup By,-0.14056809225610895
2021-01-04T20:45:00Z,Nørkærbro,0.009963479786528229
2021-01-04T20:45:00Z,Hagebro,-0.14748051525614037
2021-01-04T20:30:00Z,Karup By,-0.14065155783228095
2021-01-04T20:30:00Z,Nørkærbro,0.0090475709730522
2021-01-04T20:30:00Z,Hagebro,-0.15113690258524015
2021-01-04T20:15:00Z,Karup By,-0.14059212484888295
2021-01-04T20:15:00Z,Nørkærbro,0.0094979341322321
2021-01-04T20:15:00Z,Hagebro,-0.14998513103982936
2021-01-04T20:00:00Z,Karup By,-0.13766464987329696
2021-01-04T20:00:00Z,Nørkærbro,0.00960993364395013
2021-01-04T20:00:00Z,Hagebro,-0.1481440818455001
2021-01-04T19:45:00Z,Karup By,-0.13748719015649996
2021-01-04T19:45:00Z,Nørkærbro,0.009259362965239104
2021-01-04T19:45:00Z,Hagebro,-0.14990929485818916
2021-01-04T19:30:00Z,Karup By,-0.13904465475610894
2021-01-04T19:30:00Z,Nørkærbro,0.008913064747466226
2021-01-04T19:30:00Z,Hagebro,-0.14959309460185166
2021-01-04T19:15:00Z,Karup By,-0.138363426118414
2021-01-04T19:15:00Z,Nørkærbro,0.007390695362700095
2021-01-04T19:15:00Z,Hagebro,-0.14649498821756934
2021-01-04T19:00:00Z,Karup By,-0.13684548178247596
2021-01-04T19:00:00Z,Nørkærbro,0.012033639698638243
2021-01-04T19:00:00Z,Hagebro,-0.14984837414286167
2021-01-04T18:45:00Z,Karup By,-0.13698250570825798
2021-01-04T18:45:00Z,Nørkærbro,0.011153894215239157
2021-01-04T18:45:00Z,Hagebro,-0.14962910534403184
2021-01-04T18:30:00Z,Karup By,-0.136140754609625
2021-01-04T18:30:00Z,Nørkærbro,0.011594796925200157
2021-01-04T18:30:00Z,Hagebro,-0.14555638195536125
2021-01-04T18:15:00Z,Karup By,-0.13410431662134398
2021-01-04T18:15:00Z,Nørkærbro,0.010278344898833058
2021-01-04T18:15:00Z,Hagebro,-0.14961102367899015
2021-01-04T18:00:00Z,Karup By,-0.13641106405786696
2021-01-04T18:00:00Z,Nørkærbro,0.011036859303130253
2021-01-04T18:00:00Z,Hagebro,-0.1515713203098491
2021-01-04T17:45:00Z,Karup By,-0.13544281759790594
2021-01-04T17:45:00Z,Nørkærbro,0.010107293873443002
2021-01-04T17:45:00Z,Hagebro,-0.14605767132304115
2021-01-04T17:30:00Z,Karup By,-0.134600227265875
2021-01-04T17:30:00Z,Nørkærbro,0.012600122242583112
2021-01-04T17:30:00Z,Hagebro,-0.15041119457743035
2021-01-04T17:15:00Z,Karup By,-0.13637764730981994
2021-01-04T17:15:00Z,Nørkærbro,0.011333947926177146
2021-01-04T17:15:00Z,Hagebro,-0.14849598766825045
2021-01-04T17:00:00Z,Karup By,-0.13297028341821898
2021-01-04T17:00:00Z,Nørkærbro,0.012687936573638314
2021-01-04T17:00:00Z,Hagebro,-0.14606770397684044
2021-01-04T16:45:00Z,Karup By,-0.13400246420435097
2021-01-04T16:45:00Z,Nørkærbro,0.012307763844146002
2021-01-04T16:45:00Z,Hagebro,-0.14736061932107936
2021-01-04T16:30:00Z,Karup By,-0.13508576193384397
2021-01-04T16:30:00Z,Nørkærbro,0.013425241261138199
2021-01-04T16:30:00Z,Hagebro,-0.146298187985631
2021-01-04T16:15:00Z,Karup By,-0.13545937338403902
2021-01-04T16:15:00Z,Nørkærbro,0.013136773853910988
2021-01-04T16:15:00Z,Hagebro,-0.14669705273173028
2021-01-04T16:00:00Z,Karup By,-0.13583695211939
2021-01-04T16:00:00Z,Nørkærbro,0.013952050953521145
2021-01-04T16:00:00Z,Hagebro,-0.14959217907449995
2021-01-04T15:45:00Z,Karup By,-0.13355820456079698
2021-01-04T15:45:00Z,Nørkærbro,0.01385538652481011
2021-01-04T15:45:00Z,Hagebro,-0.14725396038553973
2021-01-04T15:30:00Z,Karup By,-0.13420746603540595
2021-01-04T15:30:00Z,Nørkærbro,0.01330271318496612
2021-01-04T15:30:00Z,Hagebro,-0.14793713451883994
2021-01-04T15:15:00Z,Karup By,-0.13514878073267195
2021-01-04T15:15:00Z,Nørkærbro,0.014870553761137995
2021-01-04T15:15:00Z,Hagebro,-0.14657627941630003
2021-01-04T15:00:00Z,Karup By,-0.13374237814478096
2021-01-04T15:00:00Z,Nørkærbro,0.014113565235747139
2021-01-04T15:00:00Z,Hagebro,-0.1473658073093601
2021-01-04T14:45:00Z,Karup By,-0.13489472189478097
2021-01-04T14:45:00Z,Nørkærbro,0.014528985767974234
2021-01-04T14:45:00Z,Hagebro,-0.14763096691629995
2021-01-04T14:30:00Z,Karup By,-0.13459893026880493
2021-01-04T14:30:00Z,Nørkærbro,0.015888467579497023
2021-01-04T14:30:00Z,Hagebro,-0.14396118999979157
2021-01-04T14:15:00Z,Karup By,-0.13465843954614798
2021-01-04T14:15:00Z,Nørkærbro,0.015636697559965995
2021-01-04T14:15:00Z,Hagebro,-0.14740651012919115
2021-01-04T14:00:00Z,Karup By,-0.130140540986578
2021-01-04T14:00:00Z,Nørkærbro,0.016458535938872032
2021-01-04T14:00:00Z,Hagebro,-0.14408505322000897
2021-01-04T13:45:00Z,Karup By,-0.13265259542993696
2021-01-04T13:45:00Z,Nørkærbro,0.011920800953521216
2021-01-04T13:45:00Z,Hagebro,-0.1479836356785006
2021-01-04T13:30:00Z,Karup By,-0.13214806356958597
2021-01-04T13:30:00Z,Nørkærbro,0.014713311939849039
2021-01-04T13:30:00Z,Hagebro,-0.145914810910441
2021-01-04T13:15:00Z,Karup By,-0.134660728364508
2021-01-04T13:15:00Z,Nørkærbro,0.014342218189848932
2021-01-04T13:15:00Z,Hagebro,-0.1444577872898295
2021-01-04T13:00:00Z,Karup By,-0.13534477987817994
2021-01-04T13:00:00Z,Nørkærbro,0.016259485035551968
2021-01-04T13:00:00Z,Hagebro,-0.14533013226054037
2021-01-04T12:45:00Z,Karup By,-0.13221131125024999
2021-01-04T12:45:00Z,Nørkærbro,0.01701532915176318
2021-01-04T12:45:00Z,Hagebro,-0.1417986381199109
2021-01-04T12:30:00Z,Karup By,-0.13398789206079698
2021-01-04T12:30:00Z,Nørkærbro,0.016085382252349234
2021-01-04T12:30:00Z,Hagebro,-0.14461487652323035
2021-01-04T12:15:00Z,Karup By,-0.13350334921411694
2021-01-04T12:15:00Z,Nørkærbro,0.014750009327544111
2021-01-04T12:15:00Z,Hagebro,-0.14475529552958
2021-01-04T12:00:00Z,Karup By,-0.134947898774664
2021-01-04T12:00:00Z,Nørkærbro,0.015288873463286112
2021-01-04T12:00:00Z,Hagebro,-0.14555699230692076
2021-01-04T11:45:00Z,Karup By,-0.13547852316431197
2021-01-04T11:45:00Z,Nørkærbro,0.014444604664458183
2021-01-04T11:45:00Z,Hagebro,-0.14510704876443958
2021-01-04T11:30:00Z,Karup By,-0.137939689546148
2021-01-04T11:30:00Z,Nørkærbro,0.01632700517715313
2021-01-04T11:30:00Z,Hagebro,-0.14335766674540074
2021-01-04T11:15:00Z,Karup By,-0.13723297873071894
2021-01-04T11:15:00Z,Nørkærbro,0.017539544850005084
2021-01-04T11:15:00Z,Hagebro,-0.14315251232645976
2021-01-04T11:00:00Z,Karup By,-0.139501731782476
2021-01-04T11:00:00Z,Nørkærbro,0.016095376759185154
2021-01-04T11:00:00Z,Hagebro,-0.1434352958347619
2021-01-04T10:45:00Z,Karup By,-0.137257697969
2021-01-04T10:45:00Z,Nørkærbro,0.016165719776763066
2021-01-04T10:45:00Z,Hagebro,-0.1454420936252815
2021-01-04T10:30:00Z,Karup By,-0.137335822969
2021-01-04T10:30:00Z,Nørkærbro,0.019220987110747156
2021-01-04T10:30:00Z,Hagebro,-0.14392380596658916
2021-01-04T10:15:00Z,Karup By,-0.138624656587164
2021-01-04T10:15:00Z,Nørkærbro,0.01806299760879404
2021-01-04T10:15:00Z,Hagebro,-0.14307244183085166
2021-01-04T10:00:00Z,Karup By,-0.14053787985376498
2021-01-04T10:00:00Z,Nørkærbro,0.01971773698867718
2021-01-04T10:00:00Z,Hagebro,-0.1445547187473496
2021-01-04T09:45:00Z,Karup By,-0.142430580049078
2021-01-04T09:45:00Z,Nørkærbro,0.01704615190566905
2021-01-04T09:45:00Z,Hagebro,-0.1405765235569204
2021-01-04T09:30:00Z,Karup By,-0.13827317038110898
2021-01-04T09:30:00Z,Nørkærbro,0.01997240617813012
2021-01-04T09:30:00Z,Hagebro,-0.14452462078593042
2021-01-04T09:15:00Z,Karup By,-0.13986000814966398
2021-01-04T09:15:00Z,Nørkærbro,0.016682382374419102
2021-01-04T09:15:00Z,Hagebro,-0.14312245251199995
2021-01-04T09:00:00Z,Karup By,-0.13786446371606997
2021-01-04T09:00:00Z,Nørkærbro,0.01945345476211413
2021-01-04T09:00:00Z,Hagebro,-0.14530018688699953
2021-01-04T08:45:00Z,Karup By,-0.13409134665064
2021-01-04T08:45:00Z,Nørkærbro,0.020007959156646216
2021-01-04T08:45:00Z,Hagebro,-0.13993603588602055
2021-01-04T08:30:00Z,Karup By,-0.13316918173364795
2021-01-04T08:30:00Z,Nørkærbro,0.019905648975982126
2021-01-04T08:30:00Z,Hagebro,-0.14183892132303966
2021-01-04T08:15:00Z,Karup By,-0.13159943380884398
2021-01-04T08:15:00Z,Nørkærbro,0.020120645313872032
2021-01-04T08:15:00Z,Hagebro,-0.14154839397929087
2021-01-04T08:00:00Z,Karup By,-0.13245941916040593
2021-01-04T08:00:00Z,Nørkærbro,0.01939859941543509
2021-01-04T08:00:00Z,Hagebro,-0.13990261913797986
2021-01-04T07:45:00Z,Karup By,-0.13115235128931196
2021-01-04T07:45:00Z,Nørkærbro,0.019844308643949926
2021-01-04T07:45:00Z,Hagebro,-0.1397380530979403
2021-01-04T07:30:00Z,Karup By,-0.132996604829351
2021-01-04T07:30:00Z,Nørkærbro,0.017699685841216173
2021-01-04T07:30:00Z,Hagebro,-0.14080960155985045
2021-01-04T07:15:00Z,Karup By,-0.130591209321539
2021-01-04T07:15:00Z,Nørkærbro,0.019939065724027927
2021-01-04T07:15:00Z,Hagebro,-0.1388935172703013
2021-01-04T07:00:00Z,Karup By,-0.13138283529810096
2021-01-04T07:00:00Z,Nørkærbro,0.020208764820708103
2021-01-04T07:00:00Z,Hagebro,-0.14426586987040102
2021-01-04T06:45:00Z,Karup By,-0.13025193014673397
2021-01-04T06:45:00Z,Nørkærbro,0.019286599903716173
2021-01-04T06:45:00Z,Hagebro,-0.1391091239597616
2021-01-04T06:30:00Z,Karup By,-0.13005455771021096
2021-01-04T06:30:00Z,Nørkærbro,0.017448068409575246
2021-01-04T06:30:00Z,Hagebro,-0.13953427197000912
2021-01-04T06:15:00Z,Karup By,-0.13005890646509394
2021-01-04T06:15:00Z,Nørkærbro,0.02129221513809121
2021-01-04T06:15:00Z,Hagebro,-0.14236664654276032
2021-01-04T06:00:00Z,Karup By,-0.129469383149664
2021-01-04T06:00:00Z,Nørkærbro,0.019795480518950193
2021-01-04T06:00:00Z,Hagebro,-0.14149823071024115
2021-01-04T05:45:00Z,Karup By,-0.12941849508813996
2021-01-04T05:45:00Z,Nørkærbro,0.01935549333633313
2021-01-04T05:45:00Z,Hagebro,-0.14136589886210038
2021-01-04T05:30:00Z,Karup By,-0.13174553671411693
2021-01-04T05:30:00Z,Nørkærbro,0.019611612110747023
2021-01-04T05:30:00Z,Hagebro,-0.1416336143162008
2021-01-04T05:15:00Z,Karup By,-0.130550926118414
2021-01-04T05:15:00Z,Nørkærbro,0.017376046925200228
2021-01-04T05:15:00Z,Hagebro,-0.14258042217753142
2021-01-04T05:00:00Z,Karup By,-0.129562385469
2021-01-04T05:00:00Z,Nørkærbro,0.019305444508208147
2021-01-04T05:00:00Z,Hagebro,-0.14093373180888114
2021-01-04T04:45:00Z,Karup By,-0.13047539511255496
2021-01-04T04:45:00Z,Nørkærbro,0.02092798784316896
2021-01-04T04:45:00Z,Hagebro,-0.14261963726541949
2021-01-04T04:30:00Z,Karup By,-0.12982414999536696
2021-01-04T04:30:00Z,Nørkærbro,0.021293130665435145
2021-01-04T04:30:00Z,Hagebro,-0.14021351696513007
2021-01-04T04:15:00Z,Karup By,-0.12955155172876498
2021-01-04T04:15:00Z,Nørkærbro,0.02028704240859902
2021-01-04T04:15:00Z,Hagebro,-0.13830925823710116
2021-01-04T04:00:00Z,Karup By,-0.12940354147485894
2021-01-04T04:00:00Z,Nørkærbro,0.0210536439710991
2021-01-04T04:00:00Z,Hagebro,-0.1391591346409099
2021-01-04T03:45:00Z,Karup By,-0.12965668478540593
2021-01-04T03:45:00Z,Nørkærbro,0.019387231617583156
2021-01-04T03:45:00Z,Hagebro,-0.14030178905985002
2021-01-04T03:30:00Z,Karup By,-0.13075882711938996
2021-01-04T03:30:00Z,Nørkærbro,0.02100649431289603
2021-01-04T03:30:00Z,Hagebro,-0.1393795859958905
2021-01-04T03:15:00Z,Karup By,-0.129214103608648
2021-01-04T03:15:00Z,Nørkærbro,0.016877923756255075
2021-01-04T03:15:00Z,Hagebro,-0.14134430767557993
2021-01-04T03:00:00Z,Karup By,-0.12926239767603093
2021-01-04T03:00:00Z,Nørkærbro,0.020625024586333085
2021-01-04T03:00:00Z,Hagebro,-0.14104710461161096
2021-01-04T02:45:00Z,Karup By,-0.12753533163599196
2021-01-04T02:45:00Z,Nørkærbro,0.02091898515762214
2021-01-04T02:45:00Z,Hagebro,-0.14308777691386132
2021-01-04T02:30:00Z,Karup By,-0.12508560934595297
2021-01-04T02:30:00Z,Nørkærbro,0.021515985279693117
2021-01-04T02:30:00Z,Hagebro,-0.14168057323954086
2021-01-04T02:15:00Z,Karup By,-0.12684700766138296
2021-01-04T02:15:00Z,Nørkærbro,0.02369127824844308
2021-01-04T02:15:00Z,Hagebro,-0.1389267814304601
2021-01-04T02:00:00Z,Karup By,-0.12747742453149996
2021-01-04T02:00:00Z,Nørkærbro,0.02144114091934113
2021-01-04T02:00:00Z,Hagebro,-0.13888470531962105
2021-01-04T01:45:00Z,Karup By,-0.128632591157476
2021-01-04T01:45:00Z,Nørkærbro,0.023155542164458254
2021-01-04T01:45:00Z,Hagebro,-0.13952320934794094
2021-01-04T01:30:00Z,Karup By,-0.12752877035669496
2021-01-04T01:30:00Z,Nørkærbro,0.02426127031387204
2021-01-04T01:30:00Z,Hagebro,-0.14114479900857957
2021-01-04T01:15:00Z,Karup By,-0.12844734945825798
2021-01-04T01:15:00Z,Nørkærbro,0.022737832813872094
2021-01-04T01:15:00Z,Hagebro,-0.13905125500224058
2021-01-04T01:00:00Z,Karup By,-0.12865097799829694
2021-01-04T01:00:00Z,Nørkærbro,0.024503351002349127
2021-01-04T01:00:00Z,Hagebro,-0.1418428504612207
2021-01-04T00:45:00Z,Karup By,-0.12764107504419497
2021-01-04T00:45:00Z,Nørkærbro,0.02264803484023914
2021-01-04T00:45:00Z,Hagebro,-0.14081551434060968
2021-01-04T00:30:00Z,Karup By,-0.12843369284204698
2021-01-04T00:30:00Z,Nørkærbro,0.02232149675430195
2021-01-04T00:30:00Z,Hagebro,-0.13919453503153056
2021-01-04T00:15:00Z,Karup By,-0.12898430624536694
2021-01-04T00:15:00Z,Nørkærbro,0.02264162614883314
2021-01-04T00:15:00Z,Hagebro,-0.1414131629612202
2021-01-04T00:00:00Z,Karup By,-0.12670372763208598
2021-01-04T00:00:00Z,Nørkærbro,0.023794351368560118
2021-01-04T00:00:00Z,Hagebro,-0.1390766227390513
2021-01-03T23:45:00Z,Karup By,-0.127301043974337
2021-01-03T23:45:00Z,Nørkærbro,0.022739905786894
2021-01-03T23:45:00Z,Hagebro,-0.13953088239612244
2021-01-03T23:30:00Z,Karup By,-0.124064654814181
2021-01-03T23:30:00Z,Nørkærbro,0.024233741236113104
2021-01-03T23:30:00Z,Hagebro,-0.13679246381702137
2021-01-03T23:15:00Z,Karup By,-0.125858859526095
2021-01-03T23:15:00Z,Nørkærbro,0.02324481911697207
2021-01-03T23:15:00Z,Hagebro,-0.13909692243519112
2021-01-03T23:00:00Z,Karup By,-0.125503863798556
2021-01-03T23:00:00Z,Nørkærbro,0.022986106348417135
2021-01-03T23:00:00Z,Hagebro,-0.13796914533558124
2021-01-03T22:45:00Z,Karup By,-0.12488389919894699
2021-01-03T22:45:00Z,Nørkærbro,0.022342566919706153
2021-01-03T22:45:00Z,Hagebro,-0.1387921281236627
2021-01-03T22:30:00Z,Karup By,-0.12371316860812603
2021-01-03T22:30:00Z,Nørkærbro,0.02460109658279208
2021-01-03T22:30:00Z,Hagebro,-0.1383537431139027
2021-01-03T22:15:00Z,Karup By,-0.12450754116672003
2021-01-03T22:15:00Z,Nørkærbro,0.02433124489822225
2021-01-03T22:15:00Z,Hagebro,-0.13895654157581327
2021-01-03T22:00:00Z,Karup By,-0.12309732388156402
2021-01-03T22:00:00Z,Nørkærbro,0.02650699563064407
2021-01-03T22:00:00Z,Hagebro,-0.13698724225940262
2021-01-03T21:45:00Z,Karup By,-0.12463212917941502
2021-01-03T21:45:00Z,Nørkærbro,0.025207099390409216
2021-01-03T21:45:00Z,Hagebro,-0.13554280713978295
2021-01-03T21:30:00Z,Karup By,-0.12370027493136898
2021-01-03T21:30:00Z,Nørkærbro,0.026791800928495313
2021-01-03T21:30:00Z,Hagebro,-0.13887643293323337
2021-01-03T21:15:00Z,Karup By,-0.12379098843234498
2021-01-03T21:15:00Z,Nørkærbro,0.026308860254667277
2021-01-03T21:15:00Z,Hagebro,-0.13857617811145262
2021-01-03T21:00:00Z,Karup By,-0.12330064724582201
2021-01-03T21:00:00Z,Nørkærbro,0.023643073511503188
2021-01-03T21:00:00Z,Hagebro,-0.1390946336168314
2021-01-03T20:45:00Z,Karup By,-0.12207315395968904
2021-01-03T20:45:00Z,Nørkærbro,0.02580852456130822
2021-01-03T20:45:00Z,Hagebro,-0.13714906171741192
2021-01-03T20:30:00Z,Karup By,-0.12408739040988398
2021-01-03T20:30:00Z,Nørkærbro,0.02916927285232318
2021-01-03T20:30:00Z,Hagebro,-0.13447446302356292
2021-01-03T20:15:00Z,Karup By,-0.12546091030734502
2021-01-03T20:15:00Z,Nørkærbro,0.027807425928495277
2021-01-03T20:15:00Z,Hagebro,-0.1354929871934919
2021-01-03T20:00:00Z,Karup By,-0.12585565518039205
2021-01-03T20:00:00Z,Nørkærbro,0.026306266260527345
2021-01-03T20:00:00Z,Hagebro,-0.13966416791858316
2021-01-03T19:45:00Z,Karup By,-0.12114580105441503
2021-01-03T19:45:00Z,Nørkærbro,0.027455176782988033
2021-01-03T19:45:00Z,Hagebro,-0.13923322156849183
2021-01-03T19:30:00Z,Karup By,-0.12388803433078299
2021-01-03T19:30:00Z,Nørkærbro,0.028476294947050285
2021-01-03T19:30:00Z,Hagebro,-0.13533235029163337
2021-01-03T19:15:00Z,Karup By,-0.123817996488986
2021-01-03T19:15:00Z,Nørkærbro,0.02658985085525334
2021-01-03T19:15:00Z,Hagebro,-0.1357286591905632
2021-01-03T19:00:00Z,Karup By,-0.12487787197726702
2021-01-03T19:00:00Z,Nørkærbro,0.027719306421659207
2021-01-03T19:00:00Z,Hagebro,-0.14049169019642116
2021-01-03T18:45:00Z,Karup By,-0.12476037930148604
2021-01-03T18:45:00Z,Nørkærbro,0.02860362954177731
2021-01-03T18:45:00Z,Hagebro,-0.13622918561878217
2021-01-03T18:30:00Z,Karup By,-0.125950183378634
2021-01-03T18:30:00Z,Nørkærbro,0.029071921778105247
2021-01-03T18:30:00Z,Hagebro,-0.13587514356556285
2021-01-03T18:15:00Z,Karup By,-0.12384035061496201
2021-01-03T18:15:00Z,Nørkærbro,0.029025382471464134
2021-01-03T18:15:00Z,Hagebro,-0.13498227552356334
2021-01-03T18:00:00Z,Karup By,-0.12308092068332199
2021-01-03T18:00:00Z,Nørkærbro,0.028224372339628268
2021-01-03T18:00:00Z,Hagebro,-0.13631577924671257
2021-01-03T17:45:00Z,Karup By,-0.12250108669894699
2021-01-03T17:45:00Z,Nørkærbro,0.030141944361113282
2021-01-03T17:45:00Z,Hagebro,-0.13492421583118153
2021-01-03T17:30:00Z,Karup By,-0.12315111111300903
2021-01-03T17:30:00Z,Nørkærbro,0.03056644387283125
2021-01-03T17:30:00Z,Hagebro,-0.13552930311145184
2021-01-03T17:15:00Z,Karup By,-0.12250726650851707
2021-01-03T17:15:00Z,Nørkærbro,0.030378074121855114
2021-01-03T17:15:00Z,Hagebro,-0.13690976575794112
2021-01-03T17:00:00Z,Karup By,-0.12048692654269699
2021-01-03T17:00:00Z,Nørkærbro,0.03083057351150309
2021-01-03T17:00:00Z,Hagebro,-0.13624177411976157
2021-01-03T16:45:00Z,Karup By,-0.12246477078097806
2021-01-03T16:45:00Z,Nørkærbro,0.029729346704863158
2021-01-03T16:45:00Z,Hagebro,-0.1362562318223931
2021-01-03T16:30:00Z,Karup By,-0.12206514309543098
2021-01-03T16:30:00Z,Nørkærbro,0.03115268654861314
2021-01-03T16:30:00Z,Hagebro,-0.13563245252552159
2021-01-03T16:15:00Z,Karup By,-0.12374444912570404
2021-01-03T16:15:00Z,Nørkærbro,0.029429130030058204
2021-01-03T16:15:00Z,Hagebro,-0.13683194593372272
2021-01-03T16:00:00Z,Karup By,-0.12012514065402502
2021-01-03T16:00:00Z,Nørkærbro,0.030814628076933248
2021-01-03T16:00:00Z,Hagebro,-0.13616792158069246
2021-01-03T15:45:00Z,Karup By,-0.12271852444308701
2021-01-03T15:45:00Z,Nørkærbro,0.031118506861113282
2021-01-03T15:45:00Z,Hagebro,-0.13594274000110163
2021-01-03T15:30:00Z,Karup By,-0.12183610867160305
2021-01-03T15:30:00Z,Nørkærbro,0.03275722451248031
2021-01-03T15:30:00Z,Hagebro,-0.13505429700794147
2021-01-03T15:15:00Z,Karup By,-0.12108697842257904
2021-01-03T15:15:00Z,Nørkærbro,0.03205341286697205
2021-01-03T15:15:00Z,Hagebro,-0.13514409498157265
2021-01-03T15:00:00Z,Karup By,-0.11820268582004001
2021-01-03T15:00:00Z,Nørkærbro,0.03234378762283119
2021-01-03T15:00:00Z,Hagebro,-0.1343524308580436
2021-01-03T14:45:00Z,Karup By,-0.121586169706759
2021-01-03T14:45:00Z,Nørkærbro,0.029357566309355043
2021-01-03T14:45:00Z,Hagebro,-0.13393166974964232
2021-01-03T14:30:00Z,Karup By,-0.12202257107394704
2021-01-03T14:30:00Z,Nørkærbro,0.03227771706619098
2021-01-03T14:30:00Z,Hagebro,-0.13486375287952101
2021-01-03T14:15:00Z,Karup By,-0.11970483730929798
2021-01-03T14:15:00Z,Nørkærbro,0.0314780039314253
2021-01-03T14:15:00Z,Hagebro,-0.13403104261341292
2021-01-03T14:00:00Z,Karup By,-0.11761720608371201
2021-01-03T14:00:00Z,Nørkærbro,0.03230159707107316
2021-01-03T14:00:00Z,Hagebro,-0.13465131238880212
2021-01-03T13:45:00Z,Karup By,-0.11856706570285303
2021-01-03T13:45:00Z,Nørkærbro,0.031205710840605194
2021-01-03T13:45:00Z,Hagebro,-0.13390920118274197
2021-01-03T13:30:00Z,Karup By,-0.12118043850558702
2021-01-03T13:30:00Z,Nørkærbro,0.0332832712654092
2021-01-03T13:30:00Z,Hagebro,-0.13335214094104175
2021-01-03T13:15:00Z,Karup By,-0.12047830532687603
2021-01-03T13:15:00Z,Nørkærbro,0.03145763344802721
2021-01-03T13:15:00Z,Hagebro,-0.13561879590931214
2021-01-03T13:00:00Z,Karup By,-0.11822229336398604
2021-01-03T13:00:00Z,Nørkærbro,0.030907859278105132
2021-01-03T13:00:00Z,Hagebro,-0.13437947706165276
2021-01-03T12:45:00Z,Karup By,-0.11993631313937603
2021-01-03T12:45:00Z,Nørkærbro,0.03215084023513626
2021-01-03T12:45:00Z,Hagebro,-0.13355256513538316
2021-01-03T12:30:00Z,Karup By,-0.120718097196994
2021-01-03T12:30:00Z,Nørkærbro,0.030747718286894266
2021-01-03T12:30:00Z,Hagebro,-0.13315751508655305
2021-01-03T12:15:00Z,Karup By,-0.122457599150119
2021-01-03T12:15:00Z,Nørkærbro,0.029578055811308346
2021-01-03T12:15:00Z,Hagebro,-0.1343913407701519
2021-01-03T12:00:00Z,Karup By,-0.12425088833468906
2021-01-03T12:00:00Z,Nørkærbro,0.03063442177810516
2021-01-03T12:00:00Z,Hagebro,-0.13363583997669204
2021-01-03T11:45:00Z,Karup By,-0.12444826077121202
2021-01-03T11:45:00Z,Nørkærbro,0.029807471704863087
2021-01-03T11:45:00Z,Hagebro,-0.1342112870592137
2021-01-03T11:30:00Z,Karup By,-0.12311174343722803
2021-01-03T11:30:00Z,Nørkærbro,0.028778190088652345
2021-01-03T11:30:00Z,Hagebro,-0.1313464112657522
2021-01-03T11:15:00Z,Karup By,-0.12410760830539203
2021-01-03T11:15:00Z,Nørkærbro,0.03225246377029212
2021-01-03T11:15:00Z,Hagebro,-0.1326884217638037
2021-01-03T11:00:00Z,Karup By,-0.12469217251437603
2021-01-03T11:00:00Z,Nørkærbro,0.029170951319120064
2021-01-03T11:00:00Z,Hagebro,-0.13074758008899268
2021-01-03T10:45:00Z,Karup By,-0.12379625271457201
2021-01-03T10:45:00Z,Nørkærbro,0.030590934229277167
2021-01-03T10:45:00Z,Hagebro,-0.1326478715318723
2021-01-03T10:30:00Z,Karup By,-0.12443948696750101
2021-01-03T10:30:00Z,Nørkærbro,0.028885154199980168
2021-01-03T10:30:00Z,Hagebro,-0.13233224348011186
2021-01-03T10:15:00Z,Karup By,-0.12283533047336104
2021-01-03T10:15:00Z,Nørkærbro,0.028679084253691034
2021-01-03T10:15:00Z,Hagebro,-0.13104554609241192
2021-01-03T10:00:00Z,Karup By,-0.12171091030734499
2021-01-03T10:00:00Z,Nørkærbro,0.029346198511503108
2021-01-03T10:00:00Z,Hagebro,-0.1342381806749321
2021-01-03T09:45:00Z,Karup By,-0.11884576748507902
2021-01-03T09:45:00Z,Nørkærbro,0.03024066872634723
2021-01-03T09:45:00Z,Hagebro,-0.1327956910509117
2021-01-03T09:30:00Z,Karup By,-0.11915437649386901
2021-01-03T09:30:00Z,Nørkærbro,0.031059989405058275
2021-01-03T09:30:00Z,Hagebro,-0.13091439680042194
2021-01-03T09:15:00Z,Karup By,-0.11729310940402504
2021-01-03T09:15:00Z,Nørkærbro,0.02944400734939423
2021-01-03T09:15:00Z,Hagebro,-0.13538949445667237
2021-01-03T09:00:00Z,Karup By,-0.11557672451632905
2021-01-03T09:00:00Z,Nørkærbro,0.03172992653884732
2021-01-03T09:00:00Z,Hagebro,-0.13194814161243273
2021-01-03T08:45:00Z,Karup By,-0.11754732082980601
2021-01-03T08:45:00Z,Nørkærbro,0.029459495020291993
2021-01-03T08:45:00Z,Hagebro,-0.13384660200062315
2021-01-03T08:30:00Z,Karup By,-0.11481477688449399
2021-01-03T08:30:00Z,Nørkærbro,0.02835864968337809
2021-01-03T08:30:00Z,Hagebro,-0.13411782697620234
2021-01-03T08:15:00Z,Karup By,-0.11359590481418097
2021-01-03T08:15:00Z,Nørkærbro,0.028444709253691247
2021-01-03T08:15:00Z,Hagebro,-0.13164952711048217
2021-01-03T08:00:00Z,Karup By,-0.11403589199679803
2021-01-03T08:00:00Z,Nørkærbro,0.028224219751738167
2021-01-03T08:00:00Z,Hagebro,-0.13479840711536129
2021-01-03T07:45:00Z,Karup By,-0.11561754177707201
2021-01-03T07:45:00Z,Nørkærbro,0.028970984888456286
2021-01-03T07:45:00Z,Hagebro,-0.13254132703724275
2021-01-03T07:30:00Z,Karup By,-0.11750932644504003
2021-01-03T07:30:00Z,Nørkærbro,0.029514045191191052
2021-01-03T07:30:00Z,Hagebro,-0.1327928300279625
2021-01-03T07:15:00Z,Karup By,-0.114676532255587
2021-01-03T07:15:00Z,Nørkærbro,0.03091930336990223
2021-01-03T07:15:00Z,Hagebro,-0.13267552808704097
2021-01-03T07:00:00Z,Karup By,-0.113689441191134
2021-01-03T07:00:00Z,Nørkærbro,0.029106559229277185
2021-01-03T07:00:00Z,Hagebro,-0.1346751923936823
2021-01-03T06:45:00Z,Karup By,-0.11241472195285301
2021-01-03T06:45:00Z,Nørkærbro,0.028418082666777256
2021-01-03T06:45:00Z,Hagebro,-0.13172521070423338
2021-01-03T06:30:00Z,Karup By,-0.11315141628879005
2021-01-03T06:30:00Z,Nørkærbro,0.03222133584060516
2021-01-03T06:30:00Z,Hagebro,-0.13195420698108273
2021-01-03T06:15:00Z,Karup By,-0.11412828396457203
2021-01-03T06:15:00Z,Nørkærbro,0.029557227564238175
2021-01-03T06:15:00Z,Hagebro,-0.1296264787096012
2021-01-03T06:00:00Z,Karup By,-0.11238420437472801
2021-01-03T06:00:00Z,Nørkærbro,0.03201969094314405
2021-01-03T06:00:00Z,Hagebro,-0.13199780897083302
2021-01-03T05:45:00Z,Karup By,-0.11164483975070405
2021-01-03T05:45:00Z,Nørkærbro,0.0315085215095503
2021-01-03T05:45:00Z,Hagebro,-0.1342744965929027
2021-01-03T05:30:00Z,Karup By,-0.10991838406222804
2021-01-03T05:30:00Z,Nørkærbro,0.029740027857206197
2021-01-03T05:30:00Z,Hagebro,-0.13183141187610248
2021-01-03T05:15:00Z,Karup By,-0.10852815579074399
2021-01-03T05:15:00Z,Nørkærbro,0.03228877968826138
2021-01-03T05:15:00Z,Hagebro,-0.1330000825304024
2021-01-03T05:00:00Z,Karup By,-0.11069772671359501
2021-01-03T05:00:00Z,Nørkærbro,0.031582221460722204
2021-01-03T05:00:00Z,Hagebro,-0.13391709760608295
2021-01-03T04:45:00Z,Karup By,-0.11108537624972803
2021-01-03T04:45:00Z,Nørkærbro,0.03310611672439423
2021-01-03T04:45:00Z,Hagebro,-0.1331801362413424
2021-01-03T04:30:00Z,Karup By,-0.11122606228488402
2021-01-03T04:30:00Z,Nørkærbro,0.033538550806425205
2021-01-03T04:30:00Z,Hagebro,-0.1328486009019828
2021-01-03T04:15:00Z,Karup By,-0.11312120388644703
2021-01-03T04:15:00Z,Nørkærbro,0.03239620156326106
2021-01-03T04:15:00Z,Hagebro,-0.1323175187486617
2021-01-03T04:00:00Z,Karup By,-0.11119325588840001
2021-01-03T04:00:00Z,Nørkærbro,0.03404308266677725
2021-01-03T04:00:00Z,Hagebro,-0.13558247999134154
2021-01-03T03:45:00Z,Karup By,-0.11053697537082202
2021-01-03T03:45:00Z,Nørkærbro,0.033141364527128125
2021-01-03T03:45:00Z,Hagebro,-0.13354604200306264
2021-01-03T03:30:00Z,Karup By,-0.11063325832980597
2021-01-03T03:30:00Z,Nørkærbro,0.03791606850661999
2021-01-03T03:30:00Z,Hagebro,-0.13538114026966264
2021-01-03T03:15:00Z,Karup By,-0.10960916470187604
2021-01-03T03:15:00Z,Nørkærbro,0.03748287148513629
2021-01-03T03:15:00Z,Hagebro,-0.13282140211048288
2021-01-03T03:00:00Z,Karup By,-0.110483493315158
2021-01-03T03:00:00Z,Nørkærbro,0.03739444680251913
2021-01-03T03:00:00Z,Hagebro,-0.13332402662220255
2021-01-03T02:45:00Z,Karup By,-0.10976411770480599
2021-01-03T02:45:00Z,Nørkærbro,0.037793921900175054
2021-01-03T02:45:00Z,Hagebro,-0.13271001295032236
2021-01-03T02:30:00Z,Karup By,-0.10864808987277502
2021-01-03T02:30:00Z,Nørkærbro,0.040360297632597186
2021-01-03T02:30:00Z,Hagebro,-0.13195634321155347
2021-01-03T02:15:00Z,Karup By,-0.10923852871554801
2021-01-03T02:15:00Z,Nørkærbro,0.040693091822050054
2021-01-03T02:15:00Z,Hagebro,-0.1348370118516916
2021-01-03T02:00:00Z,Karup By,-0.10656663845675901
2021-01-03T02:00:00Z,Nørkærbro,0.041326560449980176
2021-01-03T02:00:00Z,Hagebro,-0.13432023481311128
2021-01-03T01:45:00Z,Karup By,-0.11154497097629001
2021-01-03T01:45:00Z,Nørkærbro,0.04127384133376921
2021-01-03T01:45:00Z,Hagebro,-0.13378491834583295
2021-01-03T01:30:00Z,Karup By,-0.10850435207980602
2021-01-03T01:30:00Z,Nørkærbro,0.04038906044998036
2021-01-03T01:30:00Z,Hagebro,-0.13314382032337357
2021-01-03T01:15:00Z,Karup By,-0.11116540859836105
2021-01-03T01:15:00Z,Nørkærbro,0.04154445595779199
2021-01-03T01:15:00Z,Hagebro,-0.1336250443834318
2021-01-03T01:00:00Z,Karup By,-0.10864732693332202
2021-01-03T01:00:00Z,Nørkærbro,0.04275272316970624
2021-01-03T01:00:00Z,Hagebro,-0.1325607819932907
2021-01-03T00:45:00Z,Karup By,-0.10887033413546998
2021-01-03T00:45:00Z,Nørkærbro,0.04219631142654201
2021-01-03T00:45:00Z,Hagebro,-0.13200967267933217
2021-01-03T00:30:00Z,Karup By,-0.10786050747531406
2021-01-03T00:30:00Z,Nørkærbro,0.043880347681425125
2021-01-03T00:30:00Z,Hagebro,-0.13278325513782308
2021-01-03T00:15:00Z,Karup By,-0.107766589628634
2021-01-03T00:15:00Z,Nørkærbro,0.04200000710525309
2021-01-03T00:15:00Z,Hagebro,-0.12899693921985234
2021-01-03T00:00:00Z,Karup By,-0.10944047878879004
2021-01-03T00:00:00Z,Nørkærbro,0.04227138466873015
2021-01-03T00:00:00Z,Hagebro,-0.129790739573861
2021-01-02T23:45:00Z,Karup By,-0.10801853419963203
2021-01-02T23:45:00Z,Nørkærbro,0.042339690109617134
2021-01-02T23:45:00Z,Hagebro,-0.12859855569559553
2021-01-02T23:30:00Z,Karup By,-0.10770931483927998
2021-01-02T23:30:00Z,Nørkærbro,0.04511228837621828
2021-01-02T23:30:00Z,Hagebro,-0.12950691140848303
2021-01-02T23:15:00Z,Karup By,-0.10954212428752202
2021-01-02T23:15:00Z,Nørkærbro,0.04396559037817105
2021-01-02T23:15:00Z,Hagebro,-0.12812583841043423
2021-01-02T23:00:00Z,Karup By,-0.10768062831584302
2021-01-02T23:00:00Z,Nørkærbro,0.043312209030515136
2021-01-02T23:00:00Z,Hagebro,-0.12640411294656406
2021-01-02T22:45:00Z,Karup By,-0.10805881740275702
2021-01-02T22:45:00Z,Nørkærbro,0.041909087082273144
2021-01-02T22:45:00Z,Hagebro,-0.12629089273172323
2021-01-02T22:30:00Z,Karup By,-0.105321314350999
2021-01-02T22:30:00Z,Nørkærbro,0.044583495041256915
2021-01-02T22:30:00Z,Hagebro,-0.12569843209940412
2021-01-02T22:15:00Z,Karup By,-0.10647274257365502
2021-01-02T22:15:00Z,Nørkærbro,0.04459005632055413
2021-01-02T22:15:00Z,Hagebro,-0.12588184274393388
2021-01-02T22:00:00Z,Karup By,-0.106709940449632
2021-01-02T22:00:00Z,Nørkærbro,0.04461347856176512
2021-01-02T22:00:00Z,Hagebro,-0.12406009591776535
2021-01-02T21:45:00Z,Karup By,-0.10795185329142898
2021-01-02T21:45:00Z,Nørkærbro,0.043838255783445135
2021-01-02T21:45:00Z,Hagebro,-0.12305511392313395
2021-01-02T21:30:00Z,Karup By,-0.10667087794963204
2021-01-02T21:30:00Z,Nørkærbro,0.0455212239230931
2021-01-02T21:30:00Z,Hagebro,-0.12314811624246413
2021-01-02T21:15:00Z,Karup By,-0.10762485744181899
2021-01-02T21:15:00Z,Nørkærbro,0.04396795549047616
2021-01-02T21:15:00Z,Hagebro,-0.12047744668680327
2021-01-02T21:00:00Z,Karup By,-0.10780445338908501
2021-01-02T21:00:00Z,Nørkærbro,0.047575133224851074
2021-01-02T21:00:00Z,Hagebro,-0.12216895974832287
2021-01-02T20:45:00Z,Karup By,-0.108097727314866
2021-01-02T20:45:00Z,Nørkærbro,0.046493361374265074
2021-01-02T20:45:00Z,Hagebro,-0.12086688913065391
2021-01-02T20:30:00Z,Karup By,-0.107033579365647
2021-01-02T20:30:00Z,Nørkærbro,0.0483601979221171
2021-01-02T20:30:00Z,Hagebro,-0.12235340036111442
2021-01-02T20:15:00Z,Karup By,-0.10670871974650703
2021-01-02T20:15:00Z,Nørkærbro,0.04736768998754615
2021-01-02T20:15:00Z,Hagebro,-0.12156040109354382
2021-01-02T20:00:00Z,Karup By,-0.10949871303263997
2021-01-02T20:00:00Z,Nørkærbro,0.04932325639379598
2021-01-02T20:00:00Z,Hagebro,-0.11787696756082422
2021-01-02T19:45:00Z,Karup By,-0.111600000874436
2021-01-02T19:45:00Z,Nørkærbro,0.04832296647680412
2021-01-02T19:45:00Z,Hagebro,-0.12023372567850554
2021-01-02T19:30:00Z,Karup By,-0.11227527858439701
2021-01-02T19:30:00Z,Nørkærbro,0.04935606279028115
2021-01-02T19:30:00Z,Hagebro,-0.11817172921854446
2021-01-02T19:15:00Z,Karup By,-0.11117077113810803
2021-01-02T19:15:00Z,Nørkærbro,0.04836645402563211
2021-01-02T19:15:00Z,Hagebro,-0.11798240579324304
2021-01-02T19:00:00Z,Karup By,-0.11277698756877202
2021-01-02T19:00:00Z,Nørkærbro,0.04891653337133506
2021-01-02T19:00:00Z,Hagebro,-0.11640182412820455
2021-01-02T18:45:00Z,Karup By,-0.114143335835374
2021-01-02T18:45:00Z,Nørkærbro,0.05210394181860112
2021-01-02T18:45:00Z,Hagebro,-0.1171591559763554
2021-01-02T18:30:00Z,Karup By,-0.11343357326213199
2021-01-02T18:30:00Z,Nørkærbro,0.050396178146726145
2021-01-02T18:30:00Z,Hagebro,-0.11557720102029467
2021-01-02T18:15:00Z,Karup By,-0.11439449550334302
2021-01-02T18:15:00Z,Nørkærbro,0.04952230729711715
2021-01-02T18:15:00Z,Hagebro,-0.11590450204568459
2021-01-02T18:00:00Z,Karup By,-0.11488834621135002
2021-01-02T18:00:00Z,Nørkærbro,0.05017034806860132
2021-01-02T18:00:00Z,Hagebro,-0.11608985818582429
2021-01-02T17:45:00Z,Karup By,-0.11444103480998302
2021-01-02T17:45:00Z,Nørkærbro,0.049978926559812065
2021-01-02T17:45:00Z,Hagebro,-0.11936927713113388
2021-01-02T17:30:00Z,Karup By,-0.11575657130900702
2021-01-02T17:30:00Z,Nørkærbro,0.051796248337156126
2021-01-02T17:30:00Z,Hagebro,-0.11676757730203402
2021-01-02T17:15:00Z,Karup By,-0.11470524074260002
2021-01-02T17:15:00Z,Nørkærbro,0.0520455769504371
2021-01-02T17:15:00Z,Hagebro,-0.11523319162088352
2021-01-02T17:00:00Z,Karup By,-0.11469570399943602
2021-01-02T17:00:00Z,Nørkærbro,0.050392058273678986
2021-01-02T17:00:00Z,Hagebro,-0.11732582009988501
2021-01-02T16:45:00Z,Karup By,-0.112973368184007
2021-01-02T16:45:00Z,Nørkærbro,0.05199377336157007
2021-01-02T16:45:00Z,Hagebro,-0.11507560647684567
2021-01-02T16:30:00Z,Karup By,-0.11469478847209302
2021-01-02T16:30:00Z,Nørkærbro,0.05229688920629605
2021-01-02T16:30:00Z,Hagebro,-0.11589736856180455
2021-01-02T16:15:00Z,Karup By,-0.113806040303147
2021-01-02T16:15:00Z,Nørkærbro,0.05285017289770311
2021-01-02T16:15:00Z,Hagebro,-0.11587516702371392
2021-01-02T16:00:00Z,Karup By,-0.11433994533244402
2021-01-02T16:00:00Z,Nørkærbro,0.05134977616918701
2021-01-02T16:00:00Z,Hagebro,-0.11499992288309446
2021-01-02T15:45:00Z,Karup By,-0.11958866359416304
2021-01-02T15:45:00Z,Nørkærbro,0.05372114457739019
2021-01-02T15:45:00Z,Hagebro,-0.1135998526926647
2021-01-02T15:30:00Z,Karup By,-0.11608402492228803
2021-01-02T15:30:00Z,Nørkærbro,0.05261221208227318
2021-01-02T15:30:00Z,Hagebro,-0.11461353219705384
2021-01-02T15:15:00Z,Karup By,-0.116525461689866
2021-01-02T15:15:00Z,Nørkærbro,0.05443662919653103
2021-01-02T15:15:00Z,Hagebro,-0.11343425668436513
2021-01-02T15:00:00Z,Karup By,-0.11764942409221002
2021-01-02T15:00:00Z,Nørkærbro,0.05619085588110129
2021-01-02T15:00:00Z,Hagebro,-0.1173563758249836
2021-01-02T14:45:00Z,Karup By,-0.12000484706584302
2021-01-02T14:45:00Z,Nørkærbro,0.05376791276586723
2021-01-02T14:45:00Z,Hagebro,-0.11429473794656442
2021-01-02T14:30:00Z,Karup By,-0.12103901149455398
2021-01-02T14:30:00Z,Nørkærbro,0.05585279740942117
2021-01-02T14:30:00Z,Hagebro,-0.11298023141580504
2021-01-02T14:15:00Z,Karup By,-0.12336338283244402
2021-01-02T14:15:00Z,Nørkærbro,0.05541593827856217
2021-01-02T14:15:00Z,Hagebro,-0.11378478921609325
2021-01-02T14:00:00Z,Karup By,-0.12212452174846
2021-01-02T14:00:00Z,Nørkærbro,0.05597921647680404
2021-01-02T14:00:00Z,Hagebro,-0.11310100473123352
2021-01-02T13:45:00Z,Karup By,-0.12340831996623303
2021-01-02T13:45:00Z,Nørkærbro,0.054207671066648144
2021-01-02T13:45:00Z,Hagebro,-0.11512332833963423
2021-01-02T13:30:00Z,Karup By,-0.12337566615764001
2021-01-02T13:30:00Z,Nørkærbro,0.05650175370824928
2021-01-02T13:30:00Z,Hagebro,-0.11418395913797408
2021-01-02T13:15:00Z,Karup By,-0.12756603480998302
2021-01-02T13:15:00Z,Nørkærbro,0.05598913468969502
2021-01-02T13:15:00Z,Hagebro,-0.11454696572977507
2021-01-02T13:00:00Z,Karup By,-0.12529468776408503
2021-01-02T13:00:00Z,Nørkærbro,0.054623701950436976
2021-01-02T13:00:00Z,Hagebro,-0.1144190207834841
2021-01-02T12:45:00Z,Karup By,-0.123628809468186
2021-01-02T12:45:00Z,Nørkærbro,0.058517210861570135
2021-01-02T12:45:00Z,Hagebro,-0.1123961249704939
2021-01-02T12:30:00Z,Karup By,-0.12330578090373301
2021-01-02T12:30:00Z,Nørkærbro,0.05694868363989003
2021-01-02T12:30:00Z,Hagebro,-0.11331737436014411
2021-01-02T12:15:00Z,Karup By,-0.119867136494554
2021-01-02T12:15:00Z,Nørkærbro,0.05828794755590594
2021-01-02T12:15:00Z,Hagebro,-0.11249519265848296
2021-01-02T12:00:00Z,Karup By,-0.11754444362346
2021-01-02T12:00:00Z,Nørkærbro,0.0592404774631321
2021-01-02T12:00:00Z,Hagebro,-0.114075774323525
2021-01-02T11:45:00Z,Karup By,-0.11339466335002202
2021-01-02T11:45:00Z,Nørkærbro,0.056903365036374165
2021-01-02T11:45:00Z,Hagebro,-0.1106962577219539
2021-01-02T11:30:00Z,Karup By,-0.10753353358927997
2021-01-02T11:30:00Z,Nørkærbro,0.059161513229734064
2021-01-02T11:30:00Z,Hagebro,-0.10993469155985469
2021-01-02T11:15:00Z,Karup By,-0.10036495448771798
2021-01-02T11:15:00Z,Nørkærbro,0.05755171098364009
2021-01-02T11:15:00Z,Hagebro,-0.11009162820535412
2021-01-02T11:00:00Z,Karup By,-0.09627002956096004
2021-01-02T11:00:00Z,Nørkærbro,0.06047170915258504
2021-01-02T11:00:00Z,Hagebro,-0.11160461343484318
2021-01-02T10:45:00Z,Karup By,-0.09227985622111601
2021-01-02T10:45:00Z,Nørkærbro,0.05894209184301524
2021-01-02T10:45:00Z,Hagebro,-0.10916473306375263
2021-01-02T10:30:00Z,Karup By,-0.08754505397502199
2021-01-02T10:30:00Z,Nørkærbro,0.05965154924047611
2021-01-02T10:30:00Z,Hagebro,-0.10980674661356371
2021-01-02T10:15:00Z,Karup By,-0.08706417323771803
2021-01-02T10:15:00Z,Nørkærbro,0.05713209428442112
2021-01-02T10:15:00Z,Hagebro,-0.10891525186258466
2021-01-02T10:00:00Z,Karup By,-0.08292927028361596
2021-01-02T10:00:00Z,Nørkærbro,0.0596855763400852
2021-01-02T10:00:00Z,Hagebro,-0.10923660196024532
2021-01-02T09:45:00Z,Karup By,-0.08075168849650699
2021-01-02T09:45:00Z,Nørkærbro,0.0601054219211401
2021-01-02T09:45:00Z,Hagebro,-0.10667671121316413
2021-01-02T09:30:00Z,Karup By,-0.08437069179240497
2021-01-02T09:30:00Z,Nørkærbro,0.05886076249731209
2021-01-02T09:30:00Z,Hagebro,-0.10920196450906428
2021-01-02T09:15:00Z,Karup By,-0.08282535793010004
2021-01-02T09:15:00Z,Nørkærbro,0.06015295304907009
2021-01-02T09:15:00Z,Hagebro,-0.10856697000223381
2021-01-02T09:00:00Z,Karup By,-0.085505030171311
2021-01-02T09:00:00Z,Nørkærbro,0.06116384782446005
2021-01-02T09:00:00Z,Hagebro,-0.10380515969949311
2021-01-02T08:45:00Z,Karup By,-0.084445765034593
2021-01-02T08:45:00Z,Nørkærbro,0.059947951218014994
2021-01-02T08:45:00Z,Hagebro,-0.10767337716775405
2021-01-02T08:30:00Z,Karup By,-0.080901682392991
2021-01-02T08:30:00Z,Nørkærbro,0.061738417526609135
2021-01-02T08:30:00Z,Hagebro,-0.1069804755564343
2021-01-02T08:15:00Z,Karup By,-0.08346142055217104
2021-01-02T08:15:00Z,Nørkærbro,0.06342924394262428
2021-01-02T08:15:00Z,Hagebro,-0.10733161843973438
2021-01-02T08:00:00Z,Karup By,-0.08358074428264001
2021-01-02T08:00:00Z,Nørkærbro,0.064319060226804
2021-01-02T08:00:00Z,Hagebro,-0.10797271646219375
2021-01-02T07:45:00Z,Karup By,-0.082262995259202
2021-01-02T07:45:00Z,Nørkærbro,0.06338751115453811
2021-01-02T07:45:00Z,Hagebro,-0.10604946054178388
2021-01-02T07:30:00Z,Karup By,-0.08172222377482696
2021-01-02T07:30:00Z,Nørkærbro,0.0634254292453591
2021-01-02T07:30:00Z,Hagebro,-0.10560851968484375
2021-01-02T07:15:00Z,Karup By,-0.08199589015666303
2021-01-02T07:15:00Z,Nørkærbro,0.06205580033910896
2021-01-02T07:15:00Z,Hagebro,-0.10782012857156342
2021-01-02T07:00:00Z,Karup By,-0.082951319233811
2021-01-02T07:00:00Z,Nørkærbro,0.06352224626196024
2021-01-02T07:00:00Z,Hagebro,-0.10611480630594539
2021-01-02T06:45:00Z,Karup By,-0.082345621601975
2021-01-02T06:45:00Z,Nørkærbro,0.06371328630102302
2021-01-02T06:45:00Z,Hagebro,-0.10377036966043551
2021-01-02T06:30:00Z,Karup By,-0.080740320698655
2021-01-02T06:30:00Z,Nørkærbro,0.0652669362033671
2021-01-02T06:30:00Z,Hagebro,-0.1044378653879745
2021-01-02T06:15:00Z,Karup By,-0.07767452480021803
2021-01-02T06:15:00Z,Nørkærbro,0.06426710405004621
2021-01-02T06:15:00Z,Hagebro,-0.10410922921854482
2021-01-02T06:00:00Z,Karup By,-0.07868305446330398
2021-01-02T06:00:00Z,Nørkærbro,0.06289045610082811
2021-01-02T06:00:00Z,Hagebro,-0.10396957315164368
2021-01-02T05:45:00Z,Karup By,-0.081060755268968
2021-01-02T05:45:00Z,Nørkærbro,0.06540884294164817
2021-01-02T05:45:00Z,Hagebro,-0.10584403909402429
2021-01-02T05:30:00Z,Karup By,-0.08280697108927998
2021-01-02T05:30:00Z,Nørkærbro,0.06417394914282015
2021-01-02T05:30:00Z,Hagebro,-0.10379894174295412
2021-01-02T05:15:00Z,Karup By,-0.080550043599046
2021-01-02T05:15:00Z,Nørkærbro,0.06701513566625716
2021-01-02T05:15:00Z,Hagebro,-0.10461566842752479
2021-01-02T05:00:00Z,Karup By,-0.08160396815959303
2021-01-02T05:00:00Z,Nørkærbro,0.06566946305883525
2021-01-02T05:00:00Z,Hagebro,-0.10531127847391542
2021-01-02T04:45:00Z,Karup By,-0.08248104335490497
2021-01-02T04:45:00Z,Nørkærbro,0.06648390092504619
2021-01-02T04:45:00Z,Hagebro,-0.10402656472879368
2021-01-02T04:30:00Z,Karup By,-0.08177036525431902
2021-01-02T04:30:00Z,Nørkærbro,0.0676169423068822
2021-01-02T04:30:00Z,Hagebro,-0.10478691018777564
2021-01-02T04:15:00Z,Karup By,-0.079906733052171
2021-01-02T04:15:00Z,Nørkærbro,0.06770674028051515
2021-01-02T04:15:00Z,Hagebro,-0.10386592782693516
2021-01-02T04:00:00Z,Karup By,-0.082404291645921
2021-01-02T04:00:00Z,Nørkærbro,0.06955808915746808
2021-01-02T04:00:00Z,Hagebro,-0.10481212533670448
2021-01-02T03:45:00Z,Karup By,-0.08074169398967102
2021-01-02T03:45:00Z,Nørkærbro,0.07132452287328817
2021-01-02T03:45:00Z,Hagebro,-0.10492488778787479
2021-01-02T03:30:00Z,Karup By,-0.08030422450724906
2021-01-02T03:30:00Z,Nørkærbro,0.07004507341039812
2021-01-02T03:30:00Z,Hagebro,-0.10155219949442529
2021-01-02T03:15:00Z,Karup By,-0.08073681117717102
2021-01-02T03:15:00Z,Nørkærbro,0.069903777023679
2021-01-02T03:15:00Z,Hagebro,-0.1043433753367049
2021-01-02T03:00:00Z,Karup By,-0.08246174098674097
2021-01-02T03:00:00Z,Nørkærbro,0.07170011796606213
2021-01-02T03:00:00Z,Hagebro,-0.10183177865701598
2021-01-02T02:45:00Z,Karup By,-0.08235676051799101
2021-01-02T02:45:00Z,Nørkærbro,0.06913931169164811
2021-01-02T02:45:00Z,Hagebro,-0.1020603171702037
2021-01-02T02:30:00Z,Karup By,-0.08058407069865497
2021-01-02T02:30:00Z,Nørkærbro,0.07181364335668694
2021-01-02T02:30:00Z,Hagebro,-0.1008787528391446
2021-01-02T02:15:00Z,Karup By,-0.08087330104533502
2021-01-02T02:15:00Z,Nørkærbro,0.0713931874240703
2021-01-02T02:15:00Z,Hagebro,-0.10357223428445561
2021-01-02T02:00:00Z,Karup By,-0.08127315761271803
2021-01-02T02:00:00Z,Nørkærbro,0.07282713212621816
2021-01-02T02:00:00Z,Hagebro,-0.0988854590769348
2021-01-02T01:45:00Z,Karup By,-0.07961055995646799
2021-01-02T01:45:00Z,Nørkærbro,0.07066458024633504
2021-01-02T01:45:00Z,Hagebro,-0.09932720102029524
2021-01-02T01:30:00Z,Karup By,-0.07961330653849902
2021-01-02T01:30:00Z,Nørkærbro,0.06914556779516312
2021-01-02T01:30:00Z,Hagebro,-0.09903575814920362
2021-01-02T01:15:00Z,Karup By,-0.081214869038499
2021-01-02T01:15:00Z,Nørkærbro,0.07162054338110102
2021-01-02T01:15:00Z,Hagebro,-0.10042579568582344
2021-01-02T01:00:00Z,Karup By,-0.07929783107463201
2021-01-02T01:00:00Z,Nørkærbro,0.07133543290746824
2021-01-02T01:00:00Z,Hagebro,-0.09837005532938381
2021-01-02T00:45:00Z,Karup By,-0.080449488179124
2021-01-02T00:45:00Z,Nørkærbro,0.07303892411840596
2021-01-02T00:45:00Z,Hagebro,-0.09898288644510433
2021-01-02T00:30:00Z,Karup By,-0.07687214137736598
2021-01-02T00:30:00Z,Nørkærbro,0.07380354203832806
2021-01-02T00:30:00Z,Hagebro,-0.09929286874490462
2021-01-02T00:15:00Z,Karup By,-0.07970768214885005
2021-01-02T00:15:00Z,Nørkærbro,0.074233382126218
2021-01-02T00:15:00Z,Hagebro,-0.09955223001199354
2021-01-02T00:00:00Z,Karup By,-0.079644129292405
2021-01-02T00:00:00Z,Nørkærbro,0.07403906144750705
2021-01-02T00:00:00Z,Hagebro,-0.09739105142313331
2021-01-01T23:45:00Z,Karup By,-0.07508129934095997
2021-01-01T23:45:00Z,Nørkærbro,0.07450953986152409
2021-01-01T23:45:00Z,Hagebro,-0.09807155380304633
2021-01-01T23:30:00Z,Karup By,-0.07575459340834295
2021-01-01T23:30:00Z,Nørkærbro,0.07140529181464927
2021-01-01T23:30:00Z,Hagebro,-0.09721393356378738
2021-01-01T23:15:00Z,Karup By,-0.07427044729017895
2021-01-01T23:15:00Z,Nørkærbro,0.07378146674140718
2021-01-01T23:15:00Z,Hagebro,-0.09835723648127659
2021-01-01T23:00:00Z,Karup By,-0.07392346242689696
2021-01-01T23:00:00Z,Nørkærbro,0.07616092230781324
2021-01-01T23:00:00Z,Hagebro,-0.09766509780939647
2021-01-01T22:45:00Z,Karup By,-0.06996586660170195
2021-01-01T22:45:00Z,Nørkærbro,0.07552531744941526
2021-01-01T22:45:00Z,Hagebro,-0.09606490860041572
2021-01-01T22:30:00Z,Karup By,-0.06948696950697497
2021-01-01T22:30:00Z,Nørkærbro,0.07488841559394621
2021-01-01T22:30:00Z,Hagebro,-0.09731380233820741
2021-01-01T22:15:00Z,Karup By,-0.06790165761732697
2021-01-01T22:15:00Z,Nørkærbro,0.07365047003730618
2021-01-01T22:15:00Z,Hagebro,-0.098200719452467
2021-01-01T22:00:00Z,Karup By,-0.06629444936537399
2021-01-01T22:00:00Z,Nørkærbro,0.07598712470039226
2021-01-01T22:00:00Z,Hagebro,-0.09750114212091643
2021-01-01T21:45:00Z,Karup By,-0.06833714345717096
2021-01-01T21:45:00Z,Nørkærbro,0.07798022772773527
2021-01-01T21:45:00Z,Hagebro,-0.09622127304132566
2021-01-01T21:30:00Z,Karup By,-0.06818333486342099
2021-01-01T21:30:00Z,Nørkærbro,0.07896564032539222
2021-01-01T21:30:00Z,Hagebro,-0.09701503524835542
2021-01-01T21:15:00Z,Karup By,-0.065771454370257
2021-01-01T21:15:00Z,Nørkærbro,0.07746013190254009
2021-01-01T21:15:00Z,Hagebro,-0.09598041305597715
2021-01-01T21:00:00Z,Karup By,-0.06872853139662399
2021-01-01T21:00:00Z,Nørkærbro,0.08076365973457134
2021-01-01T21:00:00Z,Hagebro,-0.09669353256281643
2021-01-01T20:45:00Z,Karup By,-0.06756962636732694
2021-01-01T20:45:00Z,Nørkærbro,0.07892474677070416
2021-01-01T20:45:00Z,Hagebro,-0.09581798324640656
2021-01-01T20:30:00Z,Karup By,-0.06740918020033498
2021-01-01T20:30:00Z,Nørkærbro,0.07808856513007911
2021-01-01T20:30:00Z,Hagebro,-0.09378749618585513
2021-01-01T20:15:00Z,Karup By,-0.06403012136244396
2021-01-01T20:15:00Z,Nørkærbro,0.07746257330879014
2021-01-01T20:15:00Z,Hagebro,-0.0964827705388871
2021-01-01T20:00:00Z,Karup By,-0.065891464746232975
2021-01-01T20:00:00Z,Nørkærbro,0.08162044074043107
2021-01-01T20:00:00Z,Hagebro,-0.09320625076349676
2021-01-01T19:45:00Z,Karup By,-0.06670941213392895
2021-01-01T19:45:00Z,Nørkærbro,0.08271953131660315
2021-01-01T19:45:00Z,Hagebro,-0.09188720474298617
2021-01-01T19:30:00Z,Karup By,-0.06591961721205397
2021-01-01T19:30:00Z,Nørkærbro,0.08021602179511822
2021-01-01T19:30:00Z,Hagebro,-0.09370162735041565
2021-01-01T19:15:00Z,Karup By,-0.06508725026869394
2021-01-01T19:15:00Z,Nørkærbro,0.07951335455879005
2021-01-01T19:15:00Z,Hagebro,-0.09220004806574633
2021-01-01T19:00:00Z,Karup By,-0.06635952810072498
2021-01-01T19:00:00Z,Nørkærbro,0.08009532477363424
2021-01-01T19:00:00Z,Hagebro,-0.0914977241521655
2021-01-01T18:45:00Z,Karup By,-0.06734989980482692
2021-01-01T18:45:00Z,Nørkærbro,0.0797157623957041
2021-01-01T18:45:00Z,Hagebro,-0.09150626907404669
2021-01-01T18:30:00Z,Karup By,-0.061196869409318955
2021-01-01T18:30:00Z,Nørkærbro,0.08143039252265716
2021-01-01T18:30:00Z,Hagebro,-0.09456546554621714
2021-01-01T18:15:00Z,Karup By,-0.06402539113783501
2021-01-01T18:15:00Z,Nørkærbro,0.08260890509589935
2021-01-01T18:15:00Z,Hagebro,-0.0915322471624258
2021-01-01T18:00:00Z,Karup By,-0.06303570607924097
2021-01-01T18:00:00Z,Nørkærbro,0.08462573554023511
2021-01-01T18:00:00Z,Hagebro,-0.09200450668390592
2021-01-01T17:45:00Z,Karup By,-0.062053268945451934
2021-01-01T17:45:00Z,Nørkærbro,0.08282619025214921
2021-01-01T17:45:00Z,Hagebro,-0.09126724014337673
2021-01-01T17:30:00Z,Karup By,-0.06337002614760001
2021-01-01T17:30:00Z,Nørkærbro,0.0830851319025403
2021-01-01T17:30:00Z,Hagebro,-0.0907829643255067
2021-01-01T17:15:00Z,Karup By,-0.06453457692885001
2021-01-01T17:15:00Z,Nørkærbro,0.08405177618964932
2021-01-01T17:15:00Z,Hagebro,-0.09484794387873596
2021-01-01T17:00:00Z,Karup By,-0.06433476308607694
2021-01-01T17:00:00Z,Nørkærbro,0.08614810492500125
2021-01-01T17:00:00Z,Hagebro,-0.08911533126886728
2021-01-01T16:45:00Z,Karup By,-0.06465885976576496
2021-01-01T16:45:00Z,Nørkærbro,0.08597682501777437
2021-01-01T16:45:00Z,Hagebro,-0.09093505630548582
2021-01-01T16:30:00Z,Karup By,-0.06398724416517898
2021-01-01T16:30:00Z,Nørkærbro,0.08351817633613412
2021-01-01T16:30:00Z,Hagebro,-0.08903461227472609
2021-01-01T16:15:00Z,Karup By,-0.06492283681654598
2021-01-01T16:15:00Z,Nørkærbro,0.08501529242500117
2021-01-01T16:15:00Z,Hagebro,-0.09283900985773674
2021-01-01T16:00:00Z,Karup By,-0.06266667226576494
2021-01-01T16:00:00Z,Nørkærbro,0.08513263251289227
2021-01-01T16:00:00Z,Hagebro,-0.09013217697199605
2021-01-01T15:45:00Z,Karup By,-0.0638729558351
2021-01-01T15:45:00Z,Nørkærbro,0.08687335516914207
2021-01-01T15:45:00Z,Hagebro,-0.09163982162531537
2021-01-01T15:30:00Z,Karup By,-0.06510830739759998
2021-01-01T15:30:00Z,Nørkærbro,0.08705676581367316
2021-01-01T15:30:00Z,Hagebro,-0.09018928299005613
2021-01-01T15:15:00Z,Karup By,-0.065980347192522
2021-01-01T15:15:00Z,Nørkærbro,0.0888293793390631
2021-01-01T15:15:00Z,Hagebro,-0.09055080184992481
2021-01-01T15:00:00Z,Karup By,-0.064793976342913
2021-01-01T15:00:00Z,Nørkærbro,0.08922305609687631
2021-01-01T15:00:00Z,Hagebro,-0.09050685653742474
2021-01-01T14:45:00Z,Karup By,-0.061074493921037976
2021-01-01T14:45:00Z,Nørkærbro,0.08833949591621226
2021-01-01T14:45:00Z,Hagebro,-0.08880836257990521
2021-01-01T14:30:00Z,Karup By,-0.06474789479994397
2021-01-01T14:30:00Z,Nørkærbro,0.08910907294257919
2021-01-01T14:30:00Z,Hagebro,-0.09141567001398632
2021-01-01T14:15:00Z,Karup By,-0.06481205800795192
2021-01-01T14:15:00Z,Nørkærbro,0.0888939240167983
2021-01-01T14:15:00Z,Hagebro,-0.09020435104425606
2021-01-01T14:00:00Z,Karup By,-0.06488072255873295
2021-01-01T14:00:00Z,Nørkærbro,0.08780932929023533
2021-01-01T14:00:00Z,Hagebro,-0.08993022689875585
2021-01-01T13:45:00Z,Karup By,-0.06535221914076494
2021-01-01T13:45:00Z,Nørkærbro,0.09011531378730608
2021-01-01T13:45:00Z,Hagebro,-0.0848719383245371
2021-01-01T13:30:00Z,Karup By,-0.06389363149427996
2021-01-01T13:30:00Z,Nørkærbro,0.09012347723945413
2021-01-01T13:30:00Z,Hagebro,-0.09166183242853632
2021-01-01T13:15:00Z,Karup By,-0.06539204458021797
2021-01-01T13:15:00Z,Nørkærbro,0.09018092658027421
2021-01-01T13:15:00Z,Hagebro,-0.08963393936212793
2021-01-01T13:00:00Z,Karup By,-0.06317662099623295
2021-01-01T13:00:00Z,Nørkærbro,0.09064952399238435
2021-01-01T13:00:00Z,Hagebro,-0.08805091629083539
2021-01-01T12:45:00Z,Karup By,-0.06401051381849898
2021-01-01T12:45:00Z,Nørkærbro,0.0911023285578132
2021-01-01T12:45:00Z,Hagebro,-0.08601703414972595
2021-01-01T12:30:00Z,Karup By,-0.06240666250013993
2021-01-01T12:30:00Z,Nørkærbro,0.09231219794257917
2021-01-01T12:30:00Z,Hagebro,-0.0857034278875155
2021-01-01T12:15:00Z,Karup By,-0.06476239064955397
2021-01-01T12:15:00Z,Nørkærbro,0.09207988287910318
2021-01-01T12:15:00Z,Hagebro,-0.08800727615412574
2021-01-01T12:00:00Z,Karup By,-0.06169827321791299
2021-01-01T12:00:00Z,Nørkærbro,0.09495059515937632
2021-01-01T12:00:00Z,Hagebro,-0.08654037246759505
2021-01-01T11:45:00Z,Karup By,-0.06391766408705396
2021-01-01T11:45:00Z,Nørkærbro,0.09275584723457109
2021-01-01T11:45:00Z,Hagebro,-0.08523086319025563
2021-01-01T11:30:00Z,Karup By,-0.06416851857924094
2021-01-01T11:30:00Z,Nørkærbro,0.09355540778144622
2021-01-01T11:30:00Z,Hagebro,-0.0882138038640854
2021-01-01T11:15:00Z,Karup By,-0.06261410573744397
2021-01-01T11:15:00Z,Nørkærbro,0.095536990423048307
2021-01-01T11:15:00Z,Hagebro,-0.0865737892156464
2021-01-01T11:00:00Z,Karup By,-0.061370819604631976
2021-01-01T11:00:00Z,Nørkærbro,0.09457606818183728
2021-01-01T11:00:00Z,Hagebro,-0.08396297226007587
2021-01-01T10:45:00Z,Karup By,-0.06446225026869395
2021-01-01T10:45:00Z,Nørkærbro,0.09364245917304825
2021-01-01T10:45:00Z,Hagebro,-0.08681434402521693
2021-01-01T10:30:00Z,Karup By,-0.05951229909681899
2021-01-01T10:30:00Z,Nørkærbro,0.09806796576484511
2021-01-01T10:30:00Z,Hagebro,-0.08459159622248547
2021-01-01T10:15:00Z,Karup By,-0.058818100488420955
2021-01-01T10:15:00Z,Nørkærbro,0.0950123169611341
2021-01-01T10:15:00Z,Hagebro,-0.08158618698175535
2021-01-01T10:00:00Z,Karup By,-0.05589543203138997
2021-01-01T10:00:00Z,Nørkærbro,0.0975135376642593
2021-01-01T10:00:00Z,Hagebro,-0.08560771713312687
2021-01-01T09:45:00Z,Karup By,-0.05193882802748295
2021-01-01T09:45:00Z,Nørkærbro,0.09890399481757917
2021-01-01T09:45:00Z,Hagebro,-0.08607951889093646
2021-01-01T09:30:00Z,Karup By,-0.05003842214369397
2021-01-01T09:30:00Z,Nørkærbro,0.09692821051582112
2021-01-01T09:30:00Z,Hagebro,-0.0802800346380057
2021-01-01T09:15:00Z,Karup By,-0.049684647119279945
2021-01-01T09:15:00Z,Nørkærbro,0.09651248480781316
2021-01-01T09:15:00Z,Hagebro,-0.08415309677179761
2021-01-01T09:00:00Z,Karup By,-0.050613831079240945
2021-01-01T09:00:00Z,Nørkærbro,0.09798228766425932
2021-01-01T09:00:00Z,Hagebro,-0.08501994857843553
2021-01-01T08:45:00Z,Karup By,-0.04925434926771799
2021-01-01T08:45:00Z,Nørkærbro,0.10027713324531318
2021-01-01T08:45:00Z,Hagebro,-0.08446304092462786
2021-01-01T08:30:00Z,Karup By,-0.04472149709486595
2021-01-01T08:30:00Z,Nørkærbro,0.100059542913282
2021-01-01T08:30:00Z,Hagebro,-0.08428344497736728
2021-01-01T08:15:00Z,Karup By,-0.05022633413099897
2021-01-01T08:15:00Z,Nørkærbro,0.10287089850410314
2021-01-01T08:15:00Z,Hagebro,-0.08349483261164647
2021-01-01T08:00:00Z,Karup By,-0.048264359033342974
2021-01-01T08:00:00Z,Nørkærbro,0.10181293036445416
2021-01-01T08:00:00Z,Hagebro,-0.08446170578058632
2021-01-01T07:45:00Z,Karup By,-0.050294846093889956
2021-01-01T07:45:00Z,Nørkærbro,0.10244884039863433
2021-01-01T07:45:00Z,Hagebro,-0.08173843154962701
2021-01-01T07:30:00Z,Karup By,-0.046653717553850005
2021-01-01T07:30:00Z,Nørkærbro,0.10366488959297038
2021-01-01T07:30:00Z,Hagebro,-0.08074088821466607
2021-01-01T07:15:00Z,Karup By,-0.046543854272599994
2021-01-01T07:15:00Z,Nørkærbro,0.10390552069648518
2021-01-01T07:15:00Z,Hagebro,-0.08256232986505663
2021-01-01T07:00:00Z,Karup By,-0.047099503076311
2021-01-01T07:00:00Z,Nørkærbro,0.10565326239570427
2021-01-01T07:00:00Z,Hagebro,-0.08205981979425592
2021-01-01T06:45:00Z,Karup By,-0.04600895742201494
2021-01-01T06:45:00Z,Nørkærbro,0.10409244086250125
2021-01-01T06:45:00Z,Hagebro,-0.07946708450373596
2021-01-01T06:30:00Z,Karup By,-0.04849308828138993
2021-01-01T06:30:00Z,Nørkærbro,0.10651767279609525
2021-01-01T06:30:00Z,Hagebro,-0.0817305351262878
2021-01-01T06:15:00Z,Karup By,-0.04590138295912399
2021-01-01T06:15:00Z,Nørkærbro,0.10949313666328231
2021-01-01T06:15:00Z,Hagebro,-0.07832488784845748
2021-01-01T06:00:00Z,Karup By,-0.04928349355482692
2021-01-01T06:00:00Z,Nørkærbro,0.10811221625312628
2021-01-01T06:00:00Z,Hagebro,-0.08349982986505755
2021-01-01T05:45:00Z,Karup By,-0.04387287954115493
2021-01-01T05:45:00Z,Nørkærbro,0.10708919074043122
2021-01-01T05:45:00Z,Hagebro,-0.07834827194269711
2021-01-01T05:30:00Z,Karup By,-0.04433781484388993
2021-01-01T05:30:00Z,Nørkærbro,0.10769107367500141
2021-01-01T05:30:00Z,Hagebro,-0.08139610061701785
2021-01-01T05:15:00Z,Karup By,-0.04397724965834299
2021-01-01T05:15:00Z,Nørkærbro,0.11005565192207123
2021-01-01T05:15:00Z,Hagebro,-0.07995757827814676
2021-01-01T05:00:00Z,Karup By,-0.04451817373060796
2021-01-01T05:00:00Z,Nørkærbro,0.11022403265937641
2021-01-01T05:00:00Z,Hagebro,-0.07815212020929718
2021-01-01T04:45:00Z,Karup By,-0.043071030175920955
2021-01-01T04:45:00Z,Nørkærbro,0.11090083624824332
2021-01-01T04:45:00Z,Hagebro,-0.07590099105890613
2021-01-01T04:30:00Z,Karup By,-0.04531376699232692
2021-01-01T04:30:00Z,Nørkærbro,0.11088183905586013
2021-01-01T04:30:00Z,Hagebro,-0.0739374900823464
2021-01-01T04:15:00Z,Karup By,-0.04115010122084295
2021-01-01T04:15:00Z,Nørkærbro,0.11212092902168114
2021-01-01T04:15:00Z,Hagebro,-0.0764738060003165
2021-01-01T04:00:00Z,Karup By,-0.04411534169935799
2021-01-01T04:00:00Z,Nørkærbro,0.11196200873359508
2021-01-01T04:00:00Z,Hagebro,-0.0768201042180856
2021-01-01T03:45:00Z,Karup By,-0.04389942983412398
2021-01-01T03:45:00Z,Nørkærbro,0.11242305304511824
2021-01-01T03:45:00Z,Hagebro,-0.07568382034357524
2021-01-01T03:30:00Z,Karup By,-0.044411514795061
2021-01-01T03:30:00Z,Nørkærbro,0.11303645636543114
2021-01-01T03:30:00Z,Hagebro,-0.075322644806467
2021-01-01T03:15:00Z,Karup By,-0.046602371728654945
2021-01-01T03:15:00Z,Nørkærbro,0.1155462219904313
2021-01-01T03:15:00Z,Hagebro,-0.07557929763849569
2021-01-01T03:00:00Z,Karup By,-0.04817273000502198
2021-01-01T03:00:00Z,Nørkærbro,0.11530932929023519
2021-01-01T03:00:00Z,Hagebro,-0.07483913192804725
2021-01-01T02:45:00Z,Karup By,-0.04251217702650695
2021-01-01T02:45:00Z,Nørkærbro,0.11540881659492341
2021-01-01T02:45:00Z,Hagebro,-0.07447658309992566
2021-01-01T02:30:00Z,Karup By,-0.044106720483537976
2021-01-01T02:30:00Z,Nørkærbro,0.11733493353828206
2021-01-01T02:30:00Z,Hagebro,-0.07188190231378688
2021-01-01T02:15:00Z,Karup By,-0.046794556176896984
2021-01-01T02:15:00Z,Nørkærbro,0.11728328253730624
2021-01-01T02:15:00Z,Hagebro,-0.07193279037531686
2021-01-01T02:00:00Z,Karup By,-0.042325256860490934
2021-01-01T02:00:00Z,Nørkærbro,0.11837817694648511
2021-01-01T02:00:00Z,Hagebro,-0.07440154800470755
2021-01-01T01:45:00Z,Karup By,-0.04558094838881099
2021-01-01T01:45:00Z,Nørkærbro,0.11782405402168128
2021-01-01T01:45:00Z,Hagebro,-0.07358283767755691
2021-01-01T01:30:00Z,Karup By,-0.045051849878068984
2021-01-01T01:30:00Z,Nørkærbro,0.12023913886054838
2021-01-01T01:30:00Z,Hagebro,-0.07500507125910727
2021-01-01T01:15:00Z,Karup By,-0.04531300405287397
2021-01-01T01:15:00Z,Nørkærbro,0.11954242255195413
2021-01-01T01:15:00Z,Hagebro,-0.07134719619806629
2021-01-01T01:00:00Z,Karup By,-0.04262699941420195
2021-01-01T01:00:00Z,Nørkærbro,0.11973010565742315
2021-01-01T01:00:00Z,Hagebro,-0.07075729141291487
2021-01-01T00:45:00Z,Karup By,-0.044252594506974996
2021-01-01T00:45:00Z,Nørkærbro,0.12081927802070402
2021-01-01T00:45:00Z,Hagebro,-0.07357082138117588
2021-01-01T00:30:00Z,Karup By,-0.04496113637709298
2021-01-01T00:30:00Z,Nørkærbro,0.1221289398859382
2021-01-01T00:30:00Z,Hagebro,-0.06919814834650606
2021-01-01T00:15:00Z,Karup By,-0.043203705346818944
2021-01-01T00:15:00Z,Nørkærbro,0.11953647162422021
2021-01-01T00:15:00Z,Hagebro,-0.07002021560724647
2021-01-01T00:00:00Z,Karup By,-0.04330670217299093
2021-01-01T00:00:00Z,Nørkærbro,0.1223580506037123
2021-01-01T00:00:00Z,Hagebro,-0.07071735153253766
